<?xml version="1.0" encoding="UTF-8"?>
<gpx version="1.1" creator="phone" xmlns="http://www.topografix.com/GPX/1/1">
<trk><name>Balaton trip</name><trkseg>
<trkpt lat="47.507100" lon="19.045600"><ele>110.7</ele><time>2026-07-11T07:10Z</time></trkpt>
<trkpt lat="47.506992" lon="19.045591"><ele>111.3</ele><time>2026-07-11T07:10:20Z</time></trkpt>
<trkpt lat="47.506886" lon="19.045582"><ele>112.5</ele><time>2026-07-11T07:10:40Z</time></trkpt>
<trkpt lat="47.506783" lon="19.045572"><ele>114.4</ele><time>2026-07-11T07:11Z</time></trkpt>
<trkpt lat="47.506681" lon="19.045562"><ele>115.0</ele><time>2026-07-11T07:11:20Z</time></trkpt>
<trkpt lat="47.506582" lon="19.045551"><ele>116.6</ele><time>2026-07-11T07:11:40Z</time></trkpt>
<trkpt lat="47.506485" lon="19.045540"><ele>117.9</ele><time>2026-07-11T07:12Z</time></trkpt>
<trkpt lat="47.506390" lon="19.045527"><ele>118.3</ele><time>2026-07-11T07:12:20Z</time></trkpt>
<trkpt lat="47.506296" lon="19.045513"><ele>120.2</ele><time>2026-07-11T07:12:40Z</time></trkpt>
<trkpt lat="47.506204" lon="19.045498"><ele>121.5</ele><time>2026-07-11T07:13Z</time></trkpt>
<trkpt lat="47.506113" lon="19.045481"><ele>121.8</ele><time>2026-07-11T07:13:20Z</time></trkpt>
<trkpt lat="47.506023" lon="19.045463"><ele>123.7</ele><time>2026-07-11T07:13:40Z</time></trkpt>
<trkpt lat="47.505934" lon="19.045443"><ele>124.9</ele><time>2026-07-11T07:14Z</time></trkpt>
<trkpt lat="47.505845" lon="19.045421"><ele>125.4</ele><time>2026-07-11T07:14:20Z</time></trkpt>
<trkpt lat="47.505757" lon="19.045398"><ele>126.9</ele><time>2026-07-11T07:14:40Z</time></trkpt>
<trkpt lat="47.505669" lon="19.045373"><ele>127.1</ele><time>2026-07-11T07:15Z</time></trkpt>
<trkpt lat="47.505580" lon="19.045346"><ele>128.5</ele><time>2026-07-11T07:15:20Z</time></trkpt>
<trkpt lat="47.505491" lon="19.045317"><ele>129.0</ele><time>2026-07-11T07:15:40Z</time></trkpt>
<trkpt lat="47.505401" lon="19.045286"><ele>130.2</ele><time>2026-07-11T07:16Z</time></trkpt>
<trkpt lat="47.505310" lon="19.045253"><ele>131.1</ele><time>2026-07-11T07:16:20Z</time></trkpt>
<trkpt lat="47.505218" lon="19.045218"><ele>131.8</ele><time>2026-07-11T07:16:40Z</time></trkpt>
<trkpt lat="47.505124" lon="19.045182"><ele>132.5</ele><time>2026-07-11T07:17Z</time></trkpt>
<trkpt lat="47.505029" lon="19.045143"><ele>133.6</ele><time>2026-07-11T07:17:20Z</time></trkpt>
<trkpt lat="47.504932" lon="19.045104"><ele>134.8</ele><time>2026-07-11T07:17:40Z</time></trkpt>
<trkpt lat="47.504832" lon="19.045062"><ele>135.5</ele><time>2026-07-11T07:18Z</time></trkpt>
<trkpt lat="47.504730" lon="19.045019"><ele>135.8</ele><time>2026-07-11T07:18:20Z</time></trkpt>
<trkpt lat="47.504626" lon="19.044975"><ele>136.4</ele><time>2026-07-11T07:18:40Z</time></trkpt>
<trkpt lat="47.504520" lon="19.044930"><ele>136.7</ele><time>2026-07-11T07:19Z</time></trkpt>
<trkpt lat="47.504411" lon="19.044883"><ele>137.7</ele><time>2026-07-11T07:19:20Z</time></trkpt>
<trkpt lat="47.504299" lon="19.044836"><ele>138.5</ele><time>2026-07-11T07:19:40Z</time></trkpt>
<trkpt lat="47.504185" lon="19.044788"><ele>138.3</ele><time>2026-07-11T07:20Z</time></trkpt>
<trkpt lat="47.504068" lon="19.044740"><ele>138.6</ele><time>2026-07-11T07:20:20Z</time></trkpt>
<trkpt lat="47.503949" lon="19.044691"><ele>139.2</ele><time>2026-07-11T07:20:40Z</time></trkpt>
<trkpt lat="47.503827" lon="19.044642"><ele>139.2</ele><time>2026-07-11T07:21Z</time></trkpt>
<trkpt lat="47.503703" lon="19.044593"><ele>140.1</ele><time>2026-07-11T07:21:20Z</time></trkpt>
<trkpt lat="47.503577" lon="19.044544"><ele>140.0</ele><time>2026-07-11T07:21:40Z</time></trkpt>
<trkpt lat="47.503448" lon="19.044496"><ele>139.9</ele><time>2026-07-11T07:22Z</time></trkpt>
<trkpt lat="47.503318" lon="19.044448"><ele>140.3</ele><time>2026-07-11T07:22:20Z</time></trkpt>
<trkpt lat="47.503186" lon="19.044401"><ele>140.2</ele><time>2026-07-11T07:22:40Z</time></trkpt>
<trkpt lat="47.503053" lon="19.044355"><ele>140.5</ele><time>2026-07-11T07:23Z</time></trkpt>
<trkpt lat="47.502919" lon="19.044309"><ele>140.5</ele><time>2026-07-11T07:23:20Z</time></trkpt>
<trkpt lat="47.502783" lon="19.044265"><ele>140.4</ele><time>2026-07-11T07:23:40Z</time></trkpt>
<trkpt lat="47.502647" lon="19.044223"><ele>140.2</ele><time>2026-07-11T07:24Z</time></trkpt>
<trkpt lat="47.502510" lon="19.044182"><ele>140.0</ele><time>2026-07-11T07:24:20Z</time></trkpt>
<trkpt lat="47.502373" lon="19.044142"><ele>140.3</ele><time>2026-07-11T07:24:40Z</time></trkpt>
<trkpt lat="47.502237" lon="19.044104"><ele>139.3</ele><time>2026-07-11T07:25Z</time></trkpt>
<trkpt lat="47.502100" lon="19.044068"><ele>139.8</ele><time>2026-07-11T07:25:20Z</time></trkpt>
<trkpt lat="47.501965" lon="19.044033"><ele>139.3</ele><time>2026-07-11T07:25:40Z</time></trkpt>
<trkpt lat="47.501830" lon="19.044001"><ele>138.7</ele><time>2026-07-11T07:26Z</time></trkpt>
<trkpt lat="47.501696" lon="19.043970"><ele>138.0</ele><time>2026-07-11T07:26:20Z</time></trkpt>
<trkpt lat="47.501564" lon="19.043942"><ele>137.3</ele><time>2026-07-11T07:26:40Z</time></trkpt>
<trkpt lat="47.501433" lon="19.043915"><ele>136.9</ele><time>2026-07-11T07:27Z</time></trkpt>
<trkpt lat="47.501304" lon="19.043890"><ele>136.8</ele><time>2026-07-11T07:27:20Z</time></trkpt>
<trkpt lat="47.501177" lon="19.043867"><ele>136.2</ele><time>2026-07-11T07:27:40Z</time></trkpt>
<trkpt lat="47.501052" lon="19.043846"><ele>135.2</ele><time>2026-07-11T07:28Z</time></trkpt>
<trkpt lat="47.500929" lon="19.043826"><ele>135.0</ele><time>2026-07-11T07:28:20Z</time></trkpt>
<trkpt lat="47.500809" lon="19.043809"><ele>134.5</ele><time>2026-07-11T07:28:40Z</time></trkpt>
<trkpt lat="47.500691" lon="19.043793"><ele>132.8</ele><time>2026-07-11T07:29Z</time></trkpt>
<trkpt lat="47.500576" lon="19.043778"><ele>132.2</ele><time>2026-07-11T07:29:20Z</time></trkpt>
<trkpt lat="47.500463" lon="19.043765"><ele>132.0</ele><time>2026-07-11T07:29:40Z</time></trkpt>
<trkpt lat="47.500352" lon="19.043752"><ele>130.8</ele><time>2026-07-11T07:30Z</time></trkpt>
<trkpt lat="47.500244" lon="19.043741"><ele>129.5</ele><time>2026-07-11T07:30:20Z</time></trkpt>
<trkpt lat="47.500138" lon="19.043731"><ele>129.1</ele><time>2026-07-11T07:30:40Z</time></trkpt>
<trkpt lat="47.500035" lon="19.043722"><ele>128.1</ele><time>2026-07-11T07:31Z</time></trkpt>
<trkpt lat="47.499933" lon="19.043713"><ele>127.2</ele><time>2026-07-11T07:31:20Z</time></trkpt>
<trkpt lat="47.499834" lon="19.043704"><ele>126.2</ele><time>2026-07-11T07:31:40Z</time></trkpt>
<trkpt lat="47.499736" lon="19.043696"><ele>124.6</ele><time>2026-07-11T07:32Z</time></trkpt>
<trkpt lat="47.499640" lon="19.043687"><ele>123.8</ele><time>2026-07-11T07:32:20Z</time></trkpt>
<trkpt lat="47.499545" lon="19.043679"><ele>122.7</ele><time>2026-07-11T07:32:40Z</time></trkpt>
<trkpt lat="47.499452" lon="19.043670"><ele>121.3</ele><time>2026-07-11T07:33Z</time></trkpt>
<trkpt lat="47.499359" lon="19.043661"><ele>120.1</ele><time>2026-07-11T07:33:20Z</time></trkpt>
<trkpt lat="47.499267" lon="19.043650"><ele>119.8</ele><time>2026-07-11T07:33:40Z</time></trkpt>
<trkpt lat="47.499175" lon="19.043639"><ele>118.6</ele><time>2026-07-11T07:34Z</time></trkpt>
<trkpt lat="47.499084" lon="19.043628"><ele>116.9</ele><time>2026-07-11T07:34:20Z</time></trkpt>
<trkpt lat="47.498992" lon="19.043614"><ele>116.2</ele><time>2026-07-11T07:34:40Z</time></trkpt>
<trkpt lat="47.498900" lon="19.043600"><ele>136.2</ele><time>2026-07-11T07:35Z</time></trkpt>
<trkpt lat="47.498923" lon="19.043559"><ele>135.7</ele><time>2026-07-11T07:35:20Z</time></trkpt>
<trkpt lat="47.498947" lon="19.043517"><ele>136.4</ele><time>2026-07-11T07:35:40Z</time></trkpt>
<trkpt lat="47.498971" lon="19.043476"><ele>136.8</ele><time>2026-07-11T07:36Z</time></trkpt>
<trkpt lat="47.498995" lon="19.043434"><ele>137.1</ele><time>2026-07-11T07:36:20Z</time></trkpt>
<trkpt lat="47.499019" lon="19.043391"><ele>137.0</ele><time>2026-07-11T07:36:40Z</time></trkpt>
<trkpt lat="47.499043" lon="19.043349"><ele>136.7</ele><time>2026-07-11T07:37Z</time></trkpt>
<trkpt lat="47.499067" lon="19.043306"><ele>137.7</ele><time>2026-07-11T07:37:20Z</time></trkpt>
<trkpt lat="47.499092" lon="19.043263"><ele>137.2</ele><time>2026-07-11T07:37:40Z</time></trkpt>
<trkpt lat="47.499116" lon="19.043219"><ele>137.2</ele><time>2026-07-11T07:38Z</time></trkpt>
<trkpt lat="47.499141" lon="19.043176"><ele>137.9</ele><time>2026-07-11T07:38:20Z</time></trkpt>
<trkpt lat="47.499166" lon="19.043132"><ele>137.8</ele><time>2026-07-11T07:38:40Z</time></trkpt>
<trkpt lat="47.499190" lon="19.043087"><ele>137.8</ele><time>2026-07-11T07:39Z</time></trkpt>
<trkpt lat="47.499215" lon="19.043043"><ele>138.4</ele><time>2026-07-11T07:39:20Z</time></trkpt>
<trkpt lat="47.499240" lon="19.042998"><ele>138.5</ele><time>2026-07-11T07:39:40Z</time></trkpt>
<trkpt lat="47.499264" lon="19.042952"><ele>138.3</ele><time>2026-07-11T07:40Z</time></trkpt>
<trkpt lat="47.499289" lon="19.042907"><ele>138.9</ele><time>2026-07-11T07:40:20Z</time></trkpt>
<trkpt lat="47.499314" lon="19.042861"><ele>138.7</ele><time>2026-07-11T07:40:40Z</time></trkpt>
<trkpt lat="47.499338" lon="19.042815"><ele>139.5</ele><time>2026-07-11T07:41Z</time></trkpt>
<trkpt lat="47.499363" lon="19.042768"><ele>139.6</ele><time>2026-07-11T07:41:20Z</time></trkpt>
<trkpt lat="47.499387" lon="19.042721"><ele>139.4</ele><time>2026-07-11T07:41:40Z</time></trkpt>
<trkpt lat="47.499411" lon="19.042674"><ele>139.3</ele><time>2026-07-11T07:42Z</time></trkpt>
<trkpt lat="47.499435" lon="19.042627"><ele>139.6</ele><time>2026-07-11T07:42:20Z</time></trkpt>
<trkpt lat="47.499459" lon="19.042579"><ele>140.2</ele><time>2026-07-11T07:42:40Z</time></trkpt>
<trkpt lat="47.499483" lon="19.042531"><ele>140.4</ele><time>2026-07-11T07:43Z</time></trkpt>
<trkpt lat="47.499507" lon="19.042482"><ele>139.5</ele><time>2026-07-11T07:43:20Z</time></trkpt>
<trkpt lat="47.499530" lon="19.042434"><ele>140.2</ele><time>2026-07-11T07:43:40Z</time></trkpt>
<trkpt lat="47.499553" lon="19.042385"><ele>140.4</ele><time>2026-07-11T07:44Z</time></trkpt>
<trkpt lat="47.499576" lon="19.042336"><ele>140.5</ele><time>2026-07-11T07:44:20Z</time></trkpt>
<trkpt lat="47.499599" lon="19.042286"><ele>140.4</ele><time>2026-07-11T07:44:40Z</time></trkpt>
<trkpt lat="47.499622" lon="19.042236"><ele>140.6</ele><time>2026-07-11T07:45Z</time></trkpt>
<trkpt lat="47.499644" lon="19.042186"><ele>140.1</ele><time>2026-07-11T07:45:20Z</time></trkpt>
<trkpt lat="47.499666" lon="19.042136"><ele>140.2</ele><time>2026-07-11T07:45:40Z</time></trkpt>
<trkpt lat="47.499688" lon="19.042086"><ele>140.7</ele><time>2026-07-11T07:46Z</time></trkpt>
<trkpt lat="47.499709" lon="19.042035"><ele>140.3</ele><time>2026-07-11T07:46:20Z</time></trkpt>
<trkpt lat="47.499730" lon="19.041984"><ele>140.4</ele><time>2026-07-11T07:46:40Z</time></trkpt>
<trkpt lat="47.499751" lon="19.041932"><ele>140.1</ele><time>2026-07-11T07:47Z</time></trkpt>
<trkpt lat="47.499771" lon="19.041881"><ele>140.3</ele><time>2026-07-11T07:47:20Z</time></trkpt>
<trkpt lat="47.499791" lon="19.041829"><ele>140.6</ele><time>2026-07-11T07:47:40Z</time></trkpt>
<trkpt lat="47.499811" lon="19.041777"><ele>140.7</ele><time>2026-07-11T07:48Z</time></trkpt>
<trkpt lat="47.499831" lon="19.041725"><ele>140.1</ele><time>2026-07-11T07:48:20Z</time></trkpt>
<trkpt lat="47.499850" lon="19.041673"><ele>140.9</ele><time>2026-07-11T07:48:40Z</time></trkpt>
<trkpt lat="47.499868" lon="19.041620"><ele>140.4</ele><time>2026-07-11T07:49Z</time></trkpt>
<trkpt lat="47.499886" lon="19.041568"><ele>140.6</ele><time>2026-07-11T07:49:20Z</time></trkpt>
<trkpt lat="47.499904" lon="19.041515"><ele>140.8</ele><time>2026-07-11T07:49:40Z</time></trkpt>
<trkpt lat="47.499922" lon="19.041462"><ele>140.7</ele><time>2026-07-11T07:50Z</time></trkpt>
<trkpt lat="47.499939" lon="19.041409"><ele>140.2</ele><time>2026-07-11T07:50:20Z</time></trkpt>
<trkpt lat="47.499955" lon="19.041355"><ele>140.4</ele><time>2026-07-11T07:50:40Z</time></trkpt>
<trkpt lat="47.499972" lon="19.041302"><ele>140.2</ele><time>2026-07-11T07:51Z</time></trkpt>
<trkpt lat="47.499987" lon="19.041248"><ele>140.0</ele><time>2026-07-11T07:51:20Z</time></trkpt>
<trkpt lat="47.500003" lon="19.041195"><ele>140.4</ele><time>2026-07-11T07:51:40Z</time></trkpt>
<trkpt lat="47.500018" lon="19.041141"><ele>139.5</ele><time>2026-07-11T07:52Z</time></trkpt>
<trkpt lat="47.500033" lon="19.041087"><ele>139.9</ele><time>2026-07-11T07:52:20Z</time></trkpt>
<trkpt lat="47.500047" lon="19.041033"><ele>140.1</ele><time>2026-07-11T07:52:40Z</time></trkpt>
<trkpt lat="47.500060" lon="19.040979"><ele>139.3</ele><time>2026-07-11T07:53Z</time></trkpt>
<trkpt lat="47.500074" lon="19.040925"><ele>138.9</ele><time>2026-07-11T07:53:20Z</time></trkpt>
<trkpt lat="47.500087" lon="19.040871"><ele>139.4</ele><time>2026-07-11T07:53:40Z</time></trkpt>
<trkpt lat="47.500099" lon="19.040817"><ele>138.9</ele><time>2026-07-11T07:54Z</time></trkpt>
<trkpt lat="47.500112" lon="19.040763"><ele>138.9</ele><time>2026-07-11T07:54:20Z</time></trkpt>
<trkpt lat="47.500123" lon="19.040709"><ele>139.1</ele><time>2026-07-11T07:54:40Z</time></trkpt>
<trkpt lat="47.500135" lon="19.040655"><ele>138.4</ele><time>2026-07-11T07:55Z</time></trkpt>
<trkpt lat="47.500146" lon="19.040601"><ele>138.0</ele><time>2026-07-11T07:55:20Z</time></trkpt>
<trkpt lat="47.500156" lon="19.040547"><ele>138.0</ele><time>2026-07-11T07:55:40Z</time></trkpt>
<trkpt lat="47.500167" lon="19.040493"><ele>138.2</ele><time>2026-07-11T07:56Z</time></trkpt>
<trkpt lat="47.500177" lon="19.040439"><ele>138.2</ele><time>2026-07-11T07:56:20Z</time></trkpt>
<trkpt lat="47.500186" lon="19.040386"><ele>137.4</ele><time>2026-07-11T07:56:40Z</time></trkpt>
<trkpt lat="47.500195" lon="19.040332"><ele>137.8</ele><time>2026-07-11T07:57Z</time></trkpt>
<trkpt lat="47.500204" lon="19.040278"><ele>137.4</ele><time>2026-07-11T07:57:20Z</time></trkpt>
<trkpt lat="47.500213" lon="19.040225"><ele>137.4</ele><time>2026-07-11T07:57:40Z</time></trkpt>
<trkpt lat="47.500221" lon="19.040171"><ele>136.6</ele><time>2026-07-11T07:58Z</time></trkpt>
<trkpt lat="47.500229" lon="19.040118"><ele>136.8</ele><time>2026-07-11T07:58:20Z</time></trkpt>
<trkpt lat="47.500237" lon="19.040065"><ele>136.5</ele><time>2026-07-11T07:58:40Z</time></trkpt>
<trkpt lat="47.500244" lon="19.040012"><ele>136.1</ele><time>2026-07-11T07:59Z</time></trkpt>
<trkpt lat="47.500251" lon="19.039959"><ele>135.8</ele><time>2026-07-11T07:59:20Z</time></trkpt>
<trkpt lat="47.500258" lon="19.039906"><ele>135.4</ele><time>2026-07-11T07:59:40Z</time></trkpt>
<trkpt lat="47.500264" lon="19.039854"><ele>135.3</ele><time>2026-07-11T08:00Z</time></trkpt>
<trkpt lat="47.500271" lon="19.039801"><ele>135.7</ele><time>2026-07-11T08:00:20Z</time></trkpt>
<trkpt lat="47.500277" lon="19.039749"><ele>134.9</ele><time>2026-07-11T08:00:40Z</time></trkpt>
<trkpt lat="47.500283" lon="19.039697"><ele>134.7</ele><time>2026-07-11T08:01Z</time></trkpt>
<trkpt lat="47.500289" lon="19.039645"><ele>134.8</ele><time>2026-07-11T08:01:20Z</time></trkpt>
<trkpt lat="47.500295" lon="19.039594"><ele>134.4</ele><time>2026-07-11T08:01:40Z</time></trkpt>
<trkpt lat="47.500300" lon="19.039542"><ele>134.1</ele><time>2026-07-11T08:02Z</time></trkpt>
<trkpt lat="47.500305" lon="19.039491"><ele>133.6</ele><time>2026-07-11T08:02:20Z</time></trkpt>
<trkpt lat="47.500311" lon="19.039441"><ele>133.6</ele><time>2026-07-11T08:02:40Z</time></trkpt>
<trkpt lat="47.500316" lon="19.039390"><ele>132.6</ele><time>2026-07-11T08:03Z</time></trkpt>
<trkpt lat="47.500321" lon="19.039340"><ele>133.1</ele><time>2026-07-11T08:03:20Z</time></trkpt>
<trkpt lat="47.500326" lon="19.039290"><ele>132.0</ele><time>2026-07-11T08:03:40Z</time></trkpt>
<trkpt lat="47.500331" lon="19.039240"><ele>132.2</ele><time>2026-07-11T08:04Z</time></trkpt>
<trkpt lat="47.500336" lon="19.039190"><ele>132.0</ele><time>2026-07-11T08:04:20Z</time></trkpt>
<trkpt lat="47.500341" lon="19.039141"><ele>131.3</ele><time>2026-07-11T08:04:40Z</time></trkpt>
<trkpt lat="47.500346" lon="19.039092"><ele>131.4</ele><time>2026-07-11T08:05Z</time></trkpt>
<trkpt lat="47.500351" lon="19.039044"><ele>130.9</ele><time>2026-07-11T08:05:20Z</time></trkpt>
<trkpt lat="47.500356" lon="19.038995"><ele>130.4</ele><time>2026-07-11T08:05:40Z</time></trkpt>
<trkpt lat="47.500361" lon="19.038947"><ele>129.8</ele><time>2026-07-11T08:06Z</time></trkpt>
<trkpt lat="47.500366" lon="19.038899"><ele>129.7</ele><time>2026-07-11T08:06:20Z</time></trkpt>
<trkpt lat="47.500371" lon="19.038852"><ele>128.9</ele><time>2026-07-11T08:06:40Z</time></trkpt>
<trkpt lat="47.500377" lon="19.038805"><ele>128.7</ele><time>2026-07-11T08:07Z</time></trkpt>
<trkpt lat="47.500382" lon="19.038758"><ele>128.2</ele><time>2026-07-11T08:07:20Z</time></trkpt>
<trkpt lat="47.500388" lon="19.038712"><ele>128.1</ele><time>2026-07-11T08:07:40Z</time></trkpt>
<trkpt lat="47.500394" lon="19.038665"><ele>127.6</ele><time>2026-07-11T08:08Z</time></trkpt>
<trkpt lat="47.500400" lon="19.038620"><ele>127.7</ele><time>2026-07-11T08:08:20Z</time></trkpt>
<trkpt lat="47.500406" lon="19.038574"><ele>127.2</ele><time>2026-07-11T08:08:40Z</time></trkpt>
<trkpt lat="47.500412" lon="19.038529"><ele>126.5</ele><time>2026-07-11T08:09Z</time></trkpt>
<trkpt lat="47.500419" lon="19.038484"><ele>126.4</ele><time>2026-07-11T08:09:20Z</time></trkpt>
<trkpt lat="47.500426" lon="19.038439"><ele>125.8</ele><time>2026-07-11T08:09:40Z</time></trkpt>
<trkpt lat="47.500433" lon="19.038395"><ele>125.4</ele><time>2026-07-11T08:10Z</time></trkpt>
<trkpt lat="47.500440" lon="19.038351"><ele>125.3</ele><time>2026-07-11T08:10:20Z</time></trkpt>
<trkpt lat="47.500448" lon="19.038308"><ele>124.6</ele><time>2026-07-11T08:10:40Z</time></trkpt>
<trkpt lat="47.500456" lon="19.038264"><ele>123.9</ele><time>2026-07-11T08:11Z</time></trkpt>
<trkpt lat="47.500464" lon="19.038221"><ele>124.0</ele><time>2026-07-11T08:11:20Z</time></trkpt>
<trkpt lat="47.500472" lon="19.038179"><ele>123.9</ele><time>2026-07-11T08:11:40Z</time></trkpt>
<trkpt lat="47.500481" lon="19.038136"><ele>122.7</ele><time>2026-07-11T08:12Z</time></trkpt>
<trkpt lat="47.500490" lon="19.038094"><ele>122.2</ele><time>2026-07-11T08:12:20Z</time></trkpt>
<trkpt lat="47.500500" lon="19.038052"><ele>121.9</ele><time>2026-07-11T08:12:40Z</time></trkpt>
<trkpt lat="47.500510" lon="19.038011"><ele>121.6</ele><time>2026-07-11T08:13Z</time></trkpt>
<trkpt lat="47.500520" lon="19.037970"><ele>121.3</ele><time>2026-07-11T08:13:20Z</time></trkpt>
<trkpt lat="47.500531" lon="19.037929"><ele>120.7</ele><time>2026-07-11T08:13:40Z</time></trkpt>
<trkpt lat="47.500542" lon="19.037888"><ele>120.7</ele><time>2026-07-11T08:14Z</time></trkpt>
<trkpt lat="47.500553" lon="19.037848"><ele>119.8</ele><time>2026-07-11T08:14:20Z</time></trkpt>
<trkpt lat="47.500565" lon="19.037807"><ele>119.6</ele><time>2026-07-11T08:14:40Z</time></trkpt>
<trkpt lat="47.500577" lon="19.037768"><ele>119.5</ele><time>2026-07-11T08:15Z</time></trkpt>
<trkpt lat="47.500590" lon="19.037728"><ele>118.6</ele><time>2026-07-11T08:15:20Z</time></trkpt>
<trkpt lat="47.500603" lon="19.037689"><ele>118.2</ele><time>2026-07-11T08:15:40Z</time></trkpt>
<trkpt lat="47.500616" lon="19.037649"><ele>117.9</ele><time>2026-07-11T08:16Z</time></trkpt>
<trkpt lat="47.500630" lon="19.037610"><ele>117.5</ele><time>2026-07-11T08:16:20Z</time></trkpt>
<trkpt lat="47.500644" lon="19.037572"><ele>116.6</ele><time>2026-07-11T08:16:40Z</time></trkpt>
<trkpt lat="47.500659" lon="19.037533"><ele>116.1</ele><time>2026-07-11T08:17Z</time></trkpt>
<trkpt lat="47.500674" lon="19.037495"><ele>116.1</ele><time>2026-07-11T08:17:20Z</time></trkpt>
<trkpt lat="47.500690" lon="19.037457"><ele>115.1</ele><time>2026-07-11T08:17:40Z</time></trkpt>
<trkpt lat="47.500706" lon="19.037419"><ele>115.7</ele><time>2026-07-11T08:18Z</time></trkpt>
<trkpt lat="47.500722" lon="19.037381"><ele>114.5</ele><time>2026-07-11T08:18:20Z</time></trkpt>
<trkpt lat="47.500739" lon="19.037344"><ele>113.8</ele><time>2026-07-11T08:18:40Z</time></trkpt>
<trkpt lat="47.500756" lon="19.037306"><ele>114.2</ele><time>2026-07-11T08:19Z</time></trkpt>
<trkpt lat="47.500774" lon="19.037269"><ele>113.8</ele><time>2026-07-11T08:19:20Z</time></trkpt>
<trkpt lat="47.500792" lon="19.037232"><ele>113.4</ele><time>2026-07-11T08:19:40Z</time></trkpt>
<trkpt lat="47.500810" lon="19.037195"><ele>112.1</ele><time>2026-07-11T08:20Z</time></trkpt>
<trkpt lat="47.500829" lon="19.037158"><ele>112.1</ele><time>2026-07-11T08:20:20Z</time></trkpt>
<trkpt lat="47.500848" lon="19.037121"><ele>111.5</ele><time>2026-07-11T08:20:40Z</time></trkpt>
<trkpt lat="47.500868" lon="19.037084"><ele>110.9</ele><time>2026-07-11T08:21Z</time></trkpt>
<trkpt lat="47.500888" lon="19.037047"><ele>110.2</ele><time>2026-07-11T08:21:20Z</time></trkpt>
<trkpt lat="47.500908" lon="19.037011"><ele>110.3</ele><time>2026-07-11T08:21:40Z</time></trkpt>
<trkpt lat="47.500929" lon="19.036974"><ele>109.7</ele><time>2026-07-11T08:22Z</time></trkpt>
<trkpt lat="47.500950" lon="19.036938"><ele>109.1</ele><time>2026-07-11T08:22:20Z</time></trkpt>
<trkpt lat="47.500971" lon="19.036901"><ele>109.1</ele><time>2026-07-11T08:22:40Z</time></trkpt>
<trkpt lat="47.500993" lon="19.036865"><ele>108.8</ele><time>2026-07-11T08:23Z</time></trkpt>
<trkpt lat="47.501015" lon="19.036828"><ele>107.9</ele><time>2026-07-11T08:23:20Z</time></trkpt>
<trkpt lat="47.501037" lon="19.036792"><ele>107.3</ele><time>2026-07-11T08:23:40Z</time></trkpt>
<trkpt lat="47.501060" lon="19.036755"><ele>107.0</ele><time>2026-07-11T08:24Z</time></trkpt>
<trkpt lat="47.501083" lon="19.036719"><ele>106.9</ele><time>2026-07-11T08:24:20Z</time></trkpt>
<trkpt lat="47.501106" lon="19.036682"><ele>106.3</ele><time>2026-07-11T08:24:40Z</time></trkpt>
<trkpt lat="47.501130" lon="19.036646"><ele>106.0</ele><time>2026-07-11T08:25Z</time></trkpt>
<trkpt lat="47.501153" lon="19.036609"><ele>105.4</ele><time>2026-07-11T08:25:20Z</time></trkpt>
<trkpt lat="47.501177" lon="19.036572"><ele>105.1</ele><time>2026-07-11T08:25:40Z</time></trkpt>
<trkpt lat="47.501201" lon="19.036536"><ele>104.5</ele><time>2026-07-11T08:26Z</time></trkpt>
<trkpt lat="47.501226" lon="19.036499"><ele>103.5</ele><time>2026-07-11T08:26:20Z</time></trkpt>
<trkpt lat="47.501250" lon="19.036462"><ele>103.0</ele><time>2026-07-11T08:26:40Z</time></trkpt>
<trkpt lat="47.501275" lon="19.036425"><ele>102.3</ele><time>2026-07-11T08:27Z</time></trkpt>
<trkpt lat="47.501300" lon="19.036387"><ele>102.7</ele><time>2026-07-11T08:27:20Z</time></trkpt>
<trkpt lat="47.501325" lon="19.036350"><ele>101.9</ele><time>2026-07-11T08:27:40Z</time></trkpt>
<trkpt lat="47.501350" lon="19.036312"><ele>101.7</ele><time>2026-07-11T08:28Z</time></trkpt>
<trkpt lat="47.501375" lon="19.036275"><ele>100.8</ele><time>2026-07-11T08:28:20Z</time></trkpt>
<trkpt lat="47.501401" lon="19.036237"><ele>100.5</ele><time>2026-07-11T08:28:40Z</time></trkpt>
<trkpt lat="47.501426" lon="19.036199"><ele>100.2</ele><time>2026-07-11T08:29Z</time></trkpt>
<trkpt lat="47.501452" lon="19.036161"><ele>99.8</ele><time>2026-07-11T08:29:20Z</time></trkpt>
<trkpt lat="47.501477" lon="19.036122"><ele>99.4</ele><time>2026-07-11T08:29:40Z</time></trkpt>
<trkpt lat="47.501503" lon="19.036084"><ele>99.3</ele><time>2026-07-11T08:30Z</time></trkpt>
<trkpt lat="47.501528" lon="19.036045"><ele>98.7</ele><time>2026-07-11T08:30:20Z</time></trkpt>
<trkpt lat="47.501554" lon="19.036006"><ele>98.5</ele><time>2026-07-11T08:30:40Z</time></trkpt>
<trkpt lat="47.501579" lon="19.035966"><ele>97.5</ele><time>2026-07-11T08:31Z</time></trkpt>
<trkpt lat="47.501605" lon="19.035927"><ele>97.2</ele><time>2026-07-11T08:31:20Z</time></trkpt>
<trkpt lat="47.501630" lon="19.035887"><ele>97.0</ele><time>2026-07-11T08:31:40Z</time></trkpt>
<trkpt lat="47.501655" lon="19.035847"><ele>96.4</ele><time>2026-07-11T08:32Z</time></trkpt>
<trkpt lat="47.501680" lon="19.035807"><ele>95.7</ele><time>2026-07-11T08:32:20Z</time></trkpt>
<trkpt lat="47.501705" lon="19.035766"><ele>95.3</ele><time>2026-07-11T08:32:40Z</time></trkpt>
<trkpt lat="47.501730" lon="19.035725"><ele>95.4</ele><time>2026-07-11T08:33Z</time></trkpt>
<trkpt lat="47.501755" lon="19.035684"><ele>94.7</ele><time>2026-07-11T08:33:20Z</time></trkpt>
<trkpt lat="47.501780" lon="19.035643"><ele>93.9</ele><time>2026-07-11T08:33:40Z</time></trkpt>
<trkpt lat="47.501804" lon="19.035601"><ele>93.8</ele><time>2026-07-11T08:34Z</time></trkpt>
<trkpt lat="47.501829" lon="19.035559"><ele>93.9</ele><time>2026-07-11T08:34:20Z</time></trkpt>
<trkpt lat="47.501853" lon="19.035517"><ele>93.5</ele><time>2026-07-11T08:34:40Z</time></trkpt>
<trkpt lat="47.501877" lon="19.035475"><ele>93.4</ele><time>2026-07-11T08:35Z</time></trkpt>
<trkpt lat="47.501900" lon="19.035432"><ele>93.0</ele><time>2026-07-11T08:35:20Z</time></trkpt>
<trkpt lat="47.501924" lon="19.035389"><ele>92.5</ele><time>2026-07-11T08:35:40Z</time></trkpt>
<trkpt lat="47.501947" lon="19.035345"><ele>92.2</ele><time>2026-07-11T08:36Z</time></trkpt>
<trkpt lat="47.501969" lon="19.035302"><ele>91.5</ele><time>2026-07-11T08:36:20Z</time></trkpt>
<trkpt lat="47.501992" lon="19.035257"><ele>91.5</ele><time>2026-07-11T08:36:40Z</time></trkpt>
<trkpt lat="47.502014" lon="19.035213"><ele>90.2</ele><time>2026-07-11T08:37Z</time></trkpt>
<trkpt lat="47.502036" lon="19.035168"><ele>90.5</ele><time>2026-07-11T08:37:20Z</time></trkpt>
<trkpt lat="47.502058" lon="19.035123"><ele>90.4</ele><time>2026-07-11T08:37:40Z</time></trkpt>
<trkpt lat="47.502079" lon="19.035078"><ele>89.5</ele><time>2026-07-11T08:38Z</time></trkpt>
<trkpt lat="47.502100" lon="19.035033"><ele>89.2</ele><time>2026-07-11T08:38:20Z</time></trkpt>
<trkpt lat="47.502121" lon="19.034987"><ele>89.1</ele><time>2026-07-11T08:38:40Z</time></trkpt>
<trkpt lat="47.502141" lon="19.034940"><ele>88.6</ele><time>2026-07-11T08:39Z</time></trkpt>
<trkpt lat="47.502161" lon="19.034894"><ele>88.0</ele><time>2026-07-11T08:39:20Z</time></trkpt>
<trkpt lat="47.502181" lon="19.034847"><ele>88.5</ele><time>2026-07-11T08:39:40Z</time></trkpt>
<trkpt lat="47.502200" lon="19.034800"><ele>137.8</ele><time>2026-07-11T08:40Z</time></trkpt>
<trkpt lat="47.502093" lon="19.033596"><ele>137.1</ele><time>2026-07-11T08:40:20Z</time></trkpt>
<trkpt lat="47.501979" lon="19.032381"><ele>137.0</ele><time>2026-07-11T08:40:40Z</time></trkpt>
<trkpt lat="47.501857" lon="19.031156"><ele>137.1</ele><time>2026-07-11T08:41Z</time></trkpt>
<trkpt lat="47.501726" lon="19.029920"><ele>136.4</ele><time>2026-07-11T08:41:20Z</time></trkpt>
<trkpt lat="47.501585" lon="19.028676"><ele>136.4</ele><time>2026-07-11T08:41:40Z</time></trkpt>
<trkpt lat="47.501433" lon="19.027422"><ele>135.4</ele><time>2026-07-11T08:42Z</time></trkpt>
<trkpt lat="47.501270" lon="19.026160"><ele>135.3</ele><time>2026-07-11T08:42:20Z</time></trkpt>
<trkpt lat="47.501095" lon="19.024890"><ele>134.5</ele><time>2026-07-11T08:42:40Z</time></trkpt>
<trkpt lat="47.500907" lon="19.023612"><ele>133.8</ele><time>2026-07-11T08:43Z</time></trkpt>
<trkpt lat="47.500706" lon="19.022328"><ele>133.6</ele><time>2026-07-11T08:43:20Z</time></trkpt>
<trkpt lat="47.500491" lon="19.021037"><ele>133.4</ele><time>2026-07-11T08:43:40Z</time></trkpt>
<trkpt lat="47.500262" lon="19.019741"><ele>133.0</ele><time>2026-07-11T08:44Z</time></trkpt>
<trkpt lat="47.500018" lon="19.018440"><ele>132.6</ele><time>2026-07-11T08:44:20Z</time></trkpt>
<trkpt lat="47.499759" lon="19.017134"><ele>132.0</ele><time>2026-07-11T08:44:40Z</time></trkpt>
<trkpt lat="47.499485" lon="19.015825"><ele>131.1</ele><time>2026-07-11T08:45Z</time></trkpt>
<trkpt lat="47.499196" lon="19.014514"><ele>130.4</ele><time>2026-07-11T08:45:20Z</time></trkpt>
<trkpt lat="47.498891" lon="19.013200"><ele>130.6</ele><time>2026-07-11T08:45:40Z</time></trkpt>
<trkpt lat="47.498571" lon="19.011884"><ele>129.8</ele><time>2026-07-11T08:46Z</time></trkpt>
<trkpt lat="47.498235" lon="19.010568"><ele>129.5</ele><time>2026-07-11T08:46:20Z</time></trkpt>
<trkpt lat="47.497885" lon="19.009252"><ele>128.5</ele><time>2026-07-11T08:46:40Z</time></trkpt>
<trkpt lat="47.497519" lon="19.007937"><ele>127.7</ele><time>2026-07-11T08:47Z</time></trkpt>
<trkpt lat="47.497138" lon="19.006623"><ele>127.2</ele><time>2026-07-11T08:47:20Z</time></trkpt>
<trkpt lat="47.496744" lon="19.005311"><ele>126.8</ele><time>2026-07-11T08:47:40Z</time></trkpt>
<trkpt lat="47.496335" lon="19.004002"><ele>125.7</ele><time>2026-07-11T08:48Z</time></trkpt>
<trkpt lat="47.495913" lon="19.002697"><ele>125.4</ele><time>2026-07-11T08:48:20Z</time></trkpt>
<trkpt lat="47.495477" lon="19.001396"><ele>124.6</ele><time>2026-07-11T08:48:40Z</time></trkpt>
<trkpt lat="47.495030" lon="19.000100"><ele>124.3</ele><time>2026-07-11T08:49Z</time></trkpt>
<trkpt lat="47.494570" lon="18.998810"><ele>123.1</ele><time>2026-07-11T08:49:20Z</time></trkpt>
<trkpt lat="47.494100" lon="18.997526"><ele>123.0</ele><time>2026-07-11T08:49:40Z</time></trkpt>
<trkpt lat="47.493620" lon="18.996249"><ele>122.0</ele><time>2026-07-11T08:50Z</time></trkpt>
<trkpt lat="47.493130" lon="18.994980"><ele>121.4</ele><time>2026-07-11T08:50:20Z</time></trkpt>
<trkpt lat="47.492632" lon="18.993718"><ele>120.7</ele><time>2026-07-11T08:50:40Z</time></trkpt>
<trkpt lat="47.492126" lon="18.992465"><ele>119.5</ele><time>2026-07-11T08:51Z</time></trkpt>
<trkpt lat="47.491614" lon="18.991222"><ele>119.3</ele><time>2026-07-11T08:51:20Z</time></trkpt>
<trkpt lat="47.491096" lon="18.989987"><ele>118.0</ele><time>2026-07-11T08:51:40Z</time></trkpt>
<trkpt lat="47.490573" lon="18.988763"><ele>117.9</ele><time>2026-07-11T08:52Z</time></trkpt>
<trkpt lat="47.490047" lon="18.987550"><ele>117.0</ele><time>2026-07-11T08:52:20Z</time></trkpt>
<trkpt lat="47.489519" lon="18.986347"><ele>115.8</ele><time>2026-07-11T08:52:40Z</time></trkpt>
<trkpt lat="47.488989" lon="18.985155"><ele>115.0</ele><time>2026-07-11T08:53Z</time></trkpt>
<trkpt lat="47.488458" lon="18.983975"><ele>114.5</ele><time>2026-07-11T08:53:20Z</time></trkpt>
<trkpt lat="47.487929" lon="18.982807"><ele>113.5</ele><time>2026-07-11T08:53:40Z</time></trkpt>
<trkpt lat="47.487401" lon="18.981651"><ele>113.1</ele><time>2026-07-11T08:54Z</time></trkpt>
<trkpt lat="47.486876" lon="18.980506"><ele>112.2</ele><time>2026-07-11T08:54:20Z</time></trkpt>
<trkpt lat="47.486355" lon="18.979374"><ele>112.0</ele><time>2026-07-11T08:54:40Z</time></trkpt>
<trkpt lat="47.485839" lon="18.978255"><ele>111.3</ele><time>2026-07-11T08:55Z</time></trkpt>
<trkpt lat="47.485330" lon="18.977147"><ele>110.0</ele><time>2026-07-11T08:55:20Z</time></trkpt>
<trkpt lat="47.484827" lon="18.976052"><ele>109.7</ele><time>2026-07-11T08:55:40Z</time></trkpt>
<trkpt lat="47.484332" lon="18.974970"><ele>109.2</ele><time>2026-07-11T08:56Z</time></trkpt>
<trkpt lat="47.483847" lon="18.973900"><ele>108.3</ele><time>2026-07-11T08:56:20Z</time></trkpt>
<trkpt lat="47.483371" lon="18.972842"><ele>107.6</ele><time>2026-07-11T08:56:40Z</time></trkpt>
<trkpt lat="47.482906" lon="18.971795"><ele>106.3</ele><time>2026-07-11T08:57Z</time></trkpt>
<trkpt lat="47.482453" lon="18.970761"><ele>105.4</ele><time>2026-07-11T08:57:20Z</time></trkpt>
<trkpt lat="47.482012" lon="18.969738"><ele>104.8</ele><time>2026-07-11T08:57:40Z</time></trkpt>
<trkpt lat="47.481584" lon="18.968726"><ele>104.4</ele><time>2026-07-11T08:58Z</time></trkpt>
<trkpt lat="47.481170" lon="18.967726"><ele>103.9</ele><time>2026-07-11T08:58:20Z</time></trkpt>
<trkpt lat="47.480771" lon="18.966735"><ele>103.3</ele><time>2026-07-11T08:58:40Z</time></trkpt>
<trkpt lat="47.480386" lon="18.965755"><ele>102.4</ele><time>2026-07-11T08:59Z</time></trkpt>
<trkpt lat="47.480017" lon="18.964785"><ele>101.6</ele><time>2026-07-11T08:59:20Z</time></trkpt>
<trkpt lat="47.479663" lon="18.963823"><ele>101.0</ele><time>2026-07-11T08:59:40Z</time></trkpt>
<trkpt lat="47.479326" lon="18.962870"><ele>99.6</ele><time>2026-07-11T09:00Z</time></trkpt>
<trkpt lat="47.479005" lon="18.961926"><ele>99.7</ele><time>2026-07-11T09:00:20Z</time></trkpt>
<trkpt lat="47.478701" lon="18.960989"><ele>99.0</ele><time>2026-07-11T09:00:40Z</time></trkpt>
<trkpt lat="47.478413" lon="18.960059"><ele>97.6</ele><time>2026-07-11T09:01Z</time></trkpt>
<trkpt lat="47.478142" lon="18.959135"><ele>97.3</ele><time>2026-07-11T09:01:20Z</time></trkpt>
<trkpt lat="47.477888" lon="18.958217"><ele>96.6</ele><time>2026-07-11T09:01:40Z</time></trkpt>
<trkpt lat="47.477651" lon="18.957305"><ele>95.7</ele><time>2026-07-11T09:02Z</time></trkpt>
<trkpt lat="47.477429" lon="18.956396"><ele>94.9</ele><time>2026-07-11T09:02:20Z</time></trkpt>
<trkpt lat="47.477225" lon="18.955491"><ele>94.3</ele><time>2026-07-11T09:02:40Z</time></trkpt>
<trkpt lat="47.477036" lon="18.954589"><ele>94.3</ele><time>2026-07-11T09:03Z</time></trkpt>
<trkpt lat="47.476862" lon="18.953690"><ele>93.3</ele><time>2026-07-11T09:03:20Z</time></trkpt>
<trkpt lat="47.476704" lon="18.952792"><ele>92.6</ele><time>2026-07-11T09:03:40Z</time></trkpt>
<trkpt lat="47.476560" lon="18.951895"><ele>91.7</ele><time>2026-07-11T09:04Z</time></trkpt>
<trkpt lat="47.476430" lon="18.950997"><ele>92.0</ele><time>2026-07-11T09:04:20Z</time></trkpt>
<trkpt lat="47.476314" lon="18.950100"><ele>91.2</ele><time>2026-07-11T09:04:40Z</time></trkpt>
<trkpt lat="47.476210" lon="18.949200"><ele>90.9</ele><time>2026-07-11T09:05Z</time></trkpt>
<trkpt lat="47.476118" lon="18.948299"><ele>90.1</ele><time>2026-07-11T09:05:20Z</time></trkpt>
<trkpt lat="47.476037" lon="18.947395"><ele>89.2</ele><time>2026-07-11T09:05:40Z</time></trkpt>
<trkpt lat="47.475967" lon="18.946488"><ele>89.2</ele><time>2026-07-11T09:06Z</time></trkpt>
<trkpt lat="47.475905" lon="18.945576"><ele>88.5</ele><time>2026-07-11T09:06:20Z</time></trkpt>
<trkpt lat="47.475852" lon="18.944659"><ele>87.9</ele><time>2026-07-11T09:06:40Z</time></trkpt>
<trkpt lat="47.475807" lon="18.943737"><ele>87.2</ele><time>2026-07-11T09:07Z</time></trkpt>
<trkpt lat="47.475768" lon="18.942808"><ele>86.5</ele><time>2026-07-11T09:07:20Z</time></trkpt>
<trkpt lat="47.475734" lon="18.941873"><ele>86.3</ele><time>2026-07-11T09:07:40Z</time></trkpt>
<trkpt lat="47.475705" lon="18.940931"><ele>85.5</ele><time>2026-07-11T09:08Z</time></trkpt>
<trkpt lat="47.475679" lon="18.939980"><ele>85.4</ele><time>2026-07-11T09:08:20Z</time></trkpt>
<trkpt lat="47.475655" lon="18.939021"><ele>85.6</ele><time>2026-07-11T09:08:40Z</time></trkpt>
<trkpt lat="47.475632" lon="18.938053"><ele>84.5</ele><time>2026-07-11T09:09Z</time></trkpt>
<trkpt lat="47.475609" lon="18.937075"><ele>83.9</ele><time>2026-07-11T09:09:20Z</time></trkpt>
<trkpt lat="47.475585" lon="18.936088"><ele>84.1</ele><time>2026-07-11T09:09:40Z</time></trkpt>
<trkpt lat="47.475559" lon="18.935090"><ele>83.2</ele><time>2026-07-11T09:10Z</time></trkpt>
<trkpt lat="47.475530" lon="18.934081"><ele>82.9</ele><time>2026-07-11T09:10:20Z</time></trkpt>
<trkpt lat="47.475497" lon="18.933062"><ele>83.2</ele><time>2026-07-11T09:10:40Z</time></trkpt>
<trkpt lat="47.475459" lon="18.932031"><ele>82.6</ele><time>2026-07-11T09:11Z</time></trkpt>
<trkpt lat="47.475414" lon="18.930989"><ele>82.2</ele><time>2026-07-11T09:11:20Z</time></trkpt>
<trkpt lat="47.475362" lon="18.929934"><ele>82.0</ele><time>2026-07-11T09:11:40Z</time></trkpt>
<trkpt lat="47.475302" lon="18.928868"><ele>82.2</ele><time>2026-07-11T09:12Z</time></trkpt>
<trkpt lat="47.475233" lon="18.927790"><ele>82.1</ele><time>2026-07-11T09:12:20Z</time></trkpt>
<trkpt lat="47.475154" lon="18.926700"><ele>81.2</ele><time>2026-07-11T09:12:40Z</time></trkpt>
<trkpt lat="47.475065" lon="18.925597"><ele>81.8</ele><time>2026-07-11T09:13Z</time></trkpt>
<trkpt lat="47.474964" lon="18.924483"><ele>81.2</ele><time>2026-07-11T09:13:20Z</time></trkpt>
<trkpt lat="47.474851" lon="18.923356"><ele>80.7</ele><time>2026-07-11T09:13:40Z</time></trkpt>
<trkpt lat="47.474726" lon="18.922217"><ele>80.6</ele><time>2026-07-11T09:14Z</time></trkpt>
<trkpt lat="47.474587" lon="18.921066"><ele>81.0</ele><time>2026-07-11T09:14:20Z</time></trkpt>
<trkpt lat="47.474435" lon="18.919903"><ele>80.7</ele><time>2026-07-11T09:14:40Z</time></trkpt>
<trkpt lat="47.474268" lon="18.918729"><ele>80.4</ele><time>2026-07-11T09:15Z</time></trkpt>
<trkpt lat="47.474087" lon="18.917544"><ele>80.6</ele><time>2026-07-11T09:15:20Z</time></trkpt>
<trkpt lat="47.473891" lon="18.916348"><ele>80.4</ele><time>2026-07-11T09:15:40Z</time></trkpt>
<trkpt lat="47.473681" lon="18.915141"><ele>80.3</ele><time>2026-07-11T09:16Z</time></trkpt>
<trkpt lat="47.473455" lon="18.913924"><ele>80.2</ele><time>2026-07-11T09:16:20Z</time></trkpt>
<trkpt lat="47.473214" lon="18.912697"><ele>80.7</ele><time>2026-07-11T09:16:40Z</time></trkpt>
<trkpt lat="47.472957" lon="18.911460"><ele>80.3</ele><time>2026-07-11T09:17Z</time></trkpt>
<trkpt lat="47.472686" lon="18.910215"><ele>80.1</ele><time>2026-07-11T09:17:20Z</time></trkpt>
<trkpt lat="47.472399" lon="18.908961"><ele>81.1</ele><time>2026-07-11T09:17:40Z</time></trkpt>
<trkpt lat="47.472098" lon="18.907700"><ele>80.7</ele><time>2026-07-11T09:18Z</time></trkpt>
<trkpt lat="47.471782" lon="18.906431"><ele>80.4</ele><time>2026-07-11T09:18:20Z</time></trkpt>
<trkpt lat="47.471452" lon="18.905156"><ele>80.5</ele><time>2026-07-11T09:18:40Z</time></trkpt>
<trkpt lat="47.471108" lon="18.903874"><ele>81.4</ele><time>2026-07-11T09:19Z</time></trkpt>
<trkpt lat="47.470751" lon="18.902587"><ele>81.4</ele><time>2026-07-11T09:19:20Z</time></trkpt>
<trkpt lat="47.470382" lon="18.901296"><ele>82.0</ele><time>2026-07-11T09:19:40Z</time></trkpt>
<trkpt lat="47.470000" lon="18.900000"><ele>115.2</ele><time>2026-07-11T09:20Z</time></trkpt>
<trkpt lat="47.467950" lon="18.896139"><ele>114.4</ele><time>2026-07-11T09:20:20Z</time></trkpt>
<trkpt lat="47.465883" lon="18.892277"><ele>113.5</ele><time>2026-07-11T09:20:40Z</time></trkpt>
<trkpt lat="47.463799" lon="18.888415"><ele>113.0</ele><time>2026-07-11T09:21Z</time></trkpt>
<trkpt lat="47.461698" lon="18.884552"><ele>112.1</ele><time>2026-07-11T09:21:20Z</time></trkpt>
<trkpt lat="47.459579" lon="18.880691"><ele>111.4</ele><time>2026-07-11T09:21:40Z</time></trkpt>
<trkpt lat="47.457443" lon="18.876831"><ele>110.3</ele><time>2026-07-11T09:22Z</time></trkpt>
<trkpt lat="47.455291" lon="18.872974"><ele>110.3</ele><time>2026-07-11T09:22:20Z</time></trkpt>
<trkpt lat="47.453122" lon="18.869120"><ele>109.4</ele><time>2026-07-11T09:22:40Z</time></trkpt>
<trkpt lat="47.450937" lon="18.865270"><ele>109.0</ele><time>2026-07-11T09:23Z</time></trkpt>
<trkpt lat="47.448736" lon="18.861425"><ele>108.6</ele><time>2026-07-11T09:23:20Z</time></trkpt>
<trkpt lat="47.446520" lon="18.857585"><ele>107.6</ele><time>2026-07-11T09:23:40Z</time></trkpt>
<trkpt lat="47.444289" lon="18.853751"><ele>106.6</ele><time>2026-07-11T09:24Z</time></trkpt>
<trkpt lat="47.442044" lon="18.849923"><ele>106.3</ele><time>2026-07-11T09:24:20Z</time></trkpt>
<trkpt lat="47.439785" lon="18.846103"><ele>105.6</ele><time>2026-07-11T09:24:40Z</time></trkpt>
<trkpt lat="47.437513" lon="18.842291"><ele>105.1</ele><time>2026-07-11T09:25Z</time></trkpt>
<trkpt lat="47.435229" lon="18.838487"><ele>104.3</ele><time>2026-07-11T09:25:20Z</time></trkpt>
<trkpt lat="47.432934" lon="18.834693"><ele>103.4</ele><time>2026-07-11T09:25:40Z</time></trkpt>
<trkpt lat="47.430628" lon="18.830907"><ele>102.6</ele><time>2026-07-11T09:26Z</time></trkpt>
<trkpt lat="47.428312" lon="18.827132"><ele>102.4</ele><time>2026-07-11T09:26:20Z</time></trkpt>
<trkpt lat="47.425988" lon="18.823368"><ele>101.2</ele><time>2026-07-11T09:26:40Z</time></trkpt>
<trkpt lat="47.423655" lon="18.819615"><ele>100.7</ele><time>2026-07-11T09:27Z</time></trkpt>
<trkpt lat="47.421316" lon="18.815873"><ele>100.5</ele><time>2026-07-11T09:27:20Z</time></trkpt>
<trkpt lat="47.418971" lon="18.812144"><ele>100.1</ele><time>2026-07-11T09:27:40Z</time></trkpt>
<trkpt lat="47.416621" lon="18.808426"><ele>99.3</ele><time>2026-07-11T09:28Z</time></trkpt>
<trkpt lat="47.414267" lon="18.804721"><ele>98.2</ele><time>2026-07-11T09:28:20Z</time></trkpt>
<trkpt lat="47.411910" lon="18.801029"><ele>98.0</ele><time>2026-07-11T09:28:40Z</time></trkpt>
<trkpt lat="47.409552" lon="18.797351"><ele>97.4</ele><time>2026-07-11T09:29Z</time></trkpt>
<trkpt lat="47.407193" lon="18.793686"><ele>96.4</ele><time>2026-07-11T09:29:20Z</time></trkpt>
<trkpt lat="47.404834" lon="18.790034"><ele>96.2</ele><time>2026-07-11T09:29:40Z</time></trkpt>
<trkpt lat="47.402477" lon="18.786396"><ele>95.5</ele><time>2026-07-11T09:30Z</time></trkpt>
<trkpt lat="47.400123" lon="18.782772"><ele>95.0</ele><time>2026-07-11T09:30:20Z</time></trkpt>
<trkpt lat="47.397773" lon="18.779162"><ele>94.4</ele><time>2026-07-11T09:30:40Z</time></trkpt>
<trkpt lat="47.395427" lon="18.775566"><ele>93.4</ele><time>2026-07-11T09:31Z</time></trkpt>
<trkpt lat="47.393087" lon="18.771984"><ele>93.3</ele><time>2026-07-11T09:31:20Z</time></trkpt>
<trkpt lat="47.390754" lon="18.768416"><ele>92.3</ele><time>2026-07-11T09:31:40Z</time></trkpt>
<trkpt lat="47.388429" lon="18.764861"><ele>92.3</ele><time>2026-07-11T09:32Z</time></trkpt>
<trkpt lat="47.386113" lon="18.761321"><ele>91.3</ele><time>2026-07-11T09:32:20Z</time></trkpt>
<trkpt lat="47.383807" lon="18.757794"><ele>91.4</ele><time>2026-07-11T09:32:40Z</time></trkpt>
<trkpt lat="47.381512" lon="18.754280"><ele>90.5</ele><time>2026-07-11T09:33Z</time></trkpt>
<trkpt lat="47.379229" lon="18.750779"><ele>90.1</ele><time>2026-07-11T09:33:20Z</time></trkpt>
<trkpt lat="47.376958" lon="18.747291"><ele>90.1</ele><time>2026-07-11T09:33:40Z</time></trkpt>
<trkpt lat="47.374700" lon="18.743816"><ele>89.1</ele><time>2026-07-11T09:34Z</time></trkpt>
<trkpt lat="47.372457" lon="18.740353"><ele>88.7</ele><time>2026-07-11T09:34:20Z</time></trkpt>
<trkpt lat="47.370228" lon="18.736902"><ele>88.0</ele><time>2026-07-11T09:34:40Z</time></trkpt>
<trkpt lat="47.368015" lon="18.733462"><ele>87.8</ele><time>2026-07-11T09:35Z</time></trkpt>
<trkpt lat="47.365819" lon="18.730033"><ele>87.3</ele><time>2026-07-11T09:35:20Z</time></trkpt>
<trkpt lat="47.363639" lon="18.726615"><ele>86.5</ele><time>2026-07-11T09:35:40Z</time></trkpt>
<trkpt lat="47.361476" lon="18.723206"><ele>86.4</ele><time>2026-07-11T09:36Z</time></trkpt>
<trkpt lat="47.359330" lon="18.719807"><ele>86.2</ele><time>2026-07-11T09:36:20Z</time></trkpt>
<trkpt lat="47.357203" lon="18.716417"><ele>85.5</ele><time>2026-07-11T09:36:40Z</time></trkpt>
<trkpt lat="47.355094" lon="18.713035"><ele>85.2</ele><time>2026-07-11T09:37Z</time></trkpt>
<trkpt lat="47.353004" lon="18.709661"><ele>84.7</ele><time>2026-07-11T09:37:20Z</time></trkpt>
<trkpt lat="47.350933" lon="18.706294"><ele>85.2</ele><time>2026-07-11T09:37:40Z</time></trkpt>
<trkpt lat="47.348880" lon="18.702933"><ele>84.2</ele><time>2026-07-11T09:38Z</time></trkpt>
<trkpt lat="47.346846" lon="18.699578"><ele>83.7</ele><time>2026-07-11T09:38:20Z</time></trkpt>
<trkpt lat="47.344832" lon="18.696229"><ele>83.3</ele><time>2026-07-11T09:38:40Z</time></trkpt>
<trkpt lat="47.342836" lon="18.692883"><ele>83.4</ele><time>2026-07-11T09:39Z</time></trkpt>
<trkpt lat="47.340859" lon="18.689541"><ele>83.2</ele><time>2026-07-11T09:39:20Z</time></trkpt>
<trkpt lat="47.338900" lon="18.686202"><ele>82.6</ele><time>2026-07-11T09:39:40Z</time></trkpt>
<trkpt lat="47.336960" lon="18.682866"><ele>82.4</ele><time>2026-07-11T09:40Z</time></trkpt>
<trkpt lat="47.335037" lon="18.679531"><ele>82.3</ele><time>2026-07-11T09:40:20Z</time></trkpt>
<trkpt lat="47.333133" lon="18.676196"><ele>82.1</ele><time>2026-07-11T09:40:40Z</time></trkpt>
<trkpt lat="47.331245" lon="18.672862"><ele>81.7</ele><time>2026-07-11T09:41Z</time></trkpt>
<trkpt lat="47.329373" lon="18.669526"><ele>81.5</ele><time>2026-07-11T09:41:20Z</time></trkpt>
<trkpt lat="47.327518" lon="18.666190"><ele>81.4</ele><time>2026-07-11T09:41:40Z</time></trkpt>
<trkpt lat="47.325678" lon="18.662851"><ele>81.9</ele><time>2026-07-11T09:42Z</time></trkpt>
<trkpt lat="47.323852" lon="18.659509"><ele>81.6</ele><time>2026-07-11T09:42:20Z</time></trkpt>
<trkpt lat="47.322040" lon="18.656163"><ele>80.7</ele><time>2026-07-11T09:42:40Z</time></trkpt>
<trkpt lat="47.320242" lon="18.652813"><ele>81.4</ele><time>2026-07-11T09:43Z</time></trkpt>
<trkpt lat="47.318456" lon="18.649458"><ele>81.3</ele><time>2026-07-11T09:43:20Z</time></trkpt>
<trkpt lat="47.316681" lon="18.646098"><ele>80.5</ele><time>2026-07-11T09:43:40Z</time></trkpt>
<trkpt lat="47.314916" lon="18.642731"><ele>80.9</ele><time>2026-07-11T09:44Z</time></trkpt>
<trkpt lat="47.313161" lon="18.639356"><ele>80.5</ele><time>2026-07-11T09:44:20Z</time></trkpt>
<trkpt lat="47.311415" lon="18.635974"><ele>81.0</ele><time>2026-07-11T09:44:40Z</time></trkpt>
<trkpt lat="47.309676" lon="18.632584"><ele>80.5</ele><time>2026-07-11T09:45Z</time></trkpt>
<trkpt lat="47.307944" lon="18.629185"><ele>80.3</ele><time>2026-07-11T09:45:20Z</time></trkpt>
<trkpt lat="47.306217" lon="18.625776"><ele>81.0</ele><time>2026-07-11T09:45:40Z</time></trkpt>
<trkpt lat="47.304495" lon="18.622357"><ele>80.8</ele><time>2026-07-11T09:46Z</time></trkpt>
<trkpt lat="47.302776" lon="18.618928"><ele>80.3</ele><time>2026-07-11T09:46:20Z</time></trkpt>
<trkpt lat="47.301059" lon="18.615488"><ele>80.3</ele><time>2026-07-11T09:46:40Z</time></trkpt>
<trkpt lat="47.299343" lon="18.612036"><ele>81.0</ele><time>2026-07-11T09:47Z</time></trkpt>
<trkpt lat="47.297627" lon="18.608573"><ele>81.1</ele><time>2026-07-11T09:47:20Z</time></trkpt>
<trkpt lat="47.295910" lon="18.605097"><ele>80.4</ele><time>2026-07-11T09:47:40Z</time></trkpt>
<trkpt lat="47.294190" lon="18.601609"><ele>81.3</ele><time>2026-07-11T09:48Z</time></trkpt>
<trkpt lat="47.292468" lon="18.598107"><ele>81.3</ele><time>2026-07-11T09:48:20Z</time></trkpt>
<trkpt lat="47.290740" lon="18.594593"><ele>81.3</ele><time>2026-07-11T09:48:40Z</time></trkpt>
<trkpt lat="47.289008" lon="18.591065"><ele>81.4</ele><time>2026-07-11T09:49Z</time></trkpt>
<trkpt lat="47.287269" lon="18.587524"><ele>81.5</ele><time>2026-07-11T09:49:20Z</time></trkpt>
<trkpt lat="47.285522" lon="18.583968"><ele>81.3</ele><time>2026-07-11T09:49:40Z</time></trkpt>
<trkpt lat="47.283767" lon="18.580399"><ele>81.6</ele><time>2026-07-11T09:50Z</time></trkpt>
<trkpt lat="47.282003" lon="18.576816"><ele>81.8</ele><time>2026-07-11T09:50:20Z</time></trkpt>
<trkpt lat="47.280228" lon="18.573219"><ele>82.6</ele><time>2026-07-11T09:50:40Z</time></trkpt>
<trkpt lat="47.278442" lon="18.569607"><ele>82.4</ele><time>2026-07-11T09:51Z</time></trkpt>
<trkpt lat="47.276644" lon="18.565982"><ele>82.6</ele><time>2026-07-11T09:51:20Z</time></trkpt>
<trkpt lat="47.274833" lon="18.562343"><ele>83.1</ele><time>2026-07-11T09:51:40Z</time></trkpt>
<trkpt lat="47.273009" lon="18.558689"><ele>83.2</ele><time>2026-07-11T09:52Z</time></trkpt>
<trkpt lat="47.271170" lon="18.555022"><ele>83.8</ele><time>2026-07-11T09:52:20Z</time></trkpt>
<trkpt lat="47.269316" lon="18.551342"><ele>84.0</ele><time>2026-07-11T09:52:40Z</time></trkpt>
<trkpt lat="47.267447" lon="18.547648"><ele>84.2</ele><time>2026-07-11T09:53Z</time></trkpt>
<trkpt lat="47.265562" lon="18.543941"><ele>84.3</ele><time>2026-07-11T09:53:20Z</time></trkpt>
<trkpt lat="47.263660" lon="18.540221"><ele>85.0</ele><time>2026-07-11T09:53:40Z</time></trkpt>
<trkpt lat="47.261742" lon="18.536489"><ele>84.9</ele><time>2026-07-11T09:54Z</time></trkpt>
<trkpt lat="47.259806" lon="18.532745"><ele>84.9</ele><time>2026-07-11T09:54:20Z</time></trkpt>
<trkpt lat="47.257853" lon="18.528989"><ele>85.8</ele><time>2026-07-11T09:54:40Z</time></trkpt>
<trkpt lat="47.255882" lon="18.525222"><ele>86.5</ele><time>2026-07-11T09:55Z</time></trkpt>
<trkpt lat="47.253893" lon="18.521444"><ele>86.5</ele><time>2026-07-11T09:55:20Z</time></trkpt>
<trkpt lat="47.251886" lon="18.517656"><ele>87.1</ele><time>2026-07-11T09:55:40Z</time></trkpt>
<trkpt lat="47.249862" lon="18.513858"><ele>87.3</ele><time>2026-07-11T09:56Z</time></trkpt>
<trkpt lat="47.247819" lon="18.510050"><ele>87.4</ele><time>2026-07-11T09:56:20Z</time></trkpt>
<trkpt lat="47.245759" lon="18.506234"><ele>88.7</ele><time>2026-07-11T09:56:40Z</time></trkpt>
<trkpt lat="47.243681" lon="18.502410"><ele>89.1</ele><time>2026-07-11T09:57Z</time></trkpt>
<trkpt lat="47.241585" lon="18.498579"><ele>89.3</ele><time>2026-07-11T09:57:20Z</time></trkpt>
<trkpt lat="47.239473" lon="18.494740"><ele>89.9</ele><time>2026-07-11T09:57:40Z</time></trkpt>
<trkpt lat="47.237344" lon="18.490896"><ele>90.3</ele><time>2026-07-11T09:58Z</time></trkpt>
<trkpt lat="47.235199" lon="18.487046"><ele>90.6</ele><time>2026-07-11T09:58:20Z</time></trkpt>
<trkpt lat="47.233038" lon="18.483191"><ele>90.7</ele><time>2026-07-11T09:58:40Z</time></trkpt>
<trkpt lat="47.230862" lon="18.479332"><ele>91.8</ele><time>2026-07-11T09:59Z</time></trkpt>
<trkpt lat="47.228671" lon="18.475470"><ele>91.8</ele><time>2026-07-11T09:59:20Z</time></trkpt>
<trkpt lat="47.226466" lon="18.471605"><ele>92.2</ele><time>2026-07-11T09:59:40Z</time></trkpt>
<trkpt lat="47.224248" lon="18.467739"><ele>93.6</ele><time>2026-07-11T10:00Z</time></trkpt>
<trkpt lat="47.222018" lon="18.463871"><ele>93.7</ele><time>2026-07-11T10:00:20Z</time></trkpt>
<trkpt lat="47.219776" lon="18.460002"><ele>94.4</ele><time>2026-07-11T10:00:40Z</time></trkpt>
<trkpt lat="47.217523" lon="18.456134"><ele>94.4</ele><time>2026-07-11T10:01Z</time></trkpt>
<trkpt lat="47.215261" lon="18.452267"><ele>95.2</ele><time>2026-07-11T10:01:20Z</time></trkpt>
<trkpt lat="47.212989" lon="18.448402"><ele>96.2</ele><time>2026-07-11T10:01:40Z</time></trkpt>
<trkpt lat="47.210709" lon="18.444539"><ele>96.2</ele><time>2026-07-11T10:02Z</time></trkpt>
<trkpt lat="47.208423" lon="18.440679"><ele>97.0</ele><time>2026-07-11T10:02:20Z</time></trkpt>
<trkpt lat="47.206130" lon="18.436823"><ele>97.5</ele><time>2026-07-11T10:02:40Z</time></trkpt>
<trkpt lat="47.203832" lon="18.432972"><ele>98.6</ele><time>2026-07-11T10:03Z</time></trkpt>
<trkpt lat="47.201530" lon="18.429126"><ele>99.3</ele><time>2026-07-11T10:03:20Z</time></trkpt>
<trkpt lat="47.199226" lon="18.425287"><ele>99.9</ele><time>2026-07-11T10:03:40Z</time></trkpt>
<trkpt lat="47.196919" lon="18.421453"><ele>99.9</ele><time>2026-07-11T10:04Z</time></trkpt>
<trkpt lat="47.194612" lon="18.417628"><ele>100.6</ele><time>2026-07-11T10:04:20Z</time></trkpt>
<trkpt lat="47.192305" lon="18.413810"><ele>101.9</ele><time>2026-07-11T10:04:40Z</time></trkpt>
<trkpt lat="47.190000" lon="18.410000"><ele>87.3</ele><time>2026-07-11T10:05Z</time></trkpt>
<trkpt lat="47.188462" lon="18.406836"><ele>87.0</ele><time>2026-07-11T10:05:20Z</time></trkpt>
<trkpt lat="47.186910" lon="18.403685"><ele>87.1</ele><time>2026-07-11T10:05:40Z</time></trkpt>
<trkpt lat="47.185347" lon="18.400549"><ele>86.7</ele><time>2026-07-11T10:06Z</time></trkpt>
<trkpt lat="47.183773" lon="18.397428"><ele>85.5</ele><time>2026-07-11T10:06:20Z</time></trkpt>
<trkpt lat="47.182190" lon="18.394323"><ele>85.4</ele><time>2026-07-11T10:06:40Z</time></trkpt>
<trkpt lat="47.180600" lon="18.391233"><ele>85.4</ele><time>2026-07-11T10:07Z</time></trkpt>
<trkpt lat="47.179003" lon="18.388160"><ele>84.6</ele><time>2026-07-11T10:07:20Z</time></trkpt>
<trkpt lat="47.177402" lon="18.385104"><ele>84.0</ele><time>2026-07-11T10:07:40Z</time></trkpt>
<trkpt lat="47.175797" lon="18.382064"><ele>83.6</ele><time>2026-07-11T10:08Z</time></trkpt>
<trkpt lat="47.174191" lon="18.379042"><ele>83.5</ele><time>2026-07-11T10:08:20Z</time></trkpt>
<trkpt lat="47.172584" lon="18.376038"><ele>83.5</ele><time>2026-07-11T10:08:40Z</time></trkpt>
<trkpt lat="47.170979" lon="18.373050"><ele>83.2</ele><time>2026-07-11T10:09Z</time></trkpt>
<trkpt lat="47.169377" lon="18.370081"><ele>82.4</ele><time>2026-07-11T10:09:20Z</time></trkpt>
<trkpt lat="47.167779" lon="18.367128"><ele>82.6</ele><time>2026-07-11T10:09:40Z</time></trkpt>
<trkpt lat="47.166188" lon="18.364193"><ele>82.1</ele><time>2026-07-11T10:10Z</time></trkpt>
<trkpt lat="47.164604" lon="18.361276"><ele>81.9</ele><time>2026-07-11T10:10:20Z</time></trkpt>
<trkpt lat="47.163028" lon="18.358375"><ele>81.7</ele><time>2026-07-11T10:10:40Z</time></trkpt>
<trkpt lat="47.161463" lon="18.355491"><ele>81.6</ele><time>2026-07-11T10:11Z</time></trkpt>
<trkpt lat="47.159910" lon="18.352623"><ele>80.9</ele><time>2026-07-11T10:11:20Z</time></trkpt>
<trkpt lat="47.158370" lon="18.349771"><ele>81.1</ele><time>2026-07-11T10:11:40Z</time></trkpt>
<trkpt lat="47.156844" lon="18.346935"><ele>81.2</ele><time>2026-07-11T10:12Z</time></trkpt>
<trkpt lat="47.155334" lon="18.344114"><ele>81.4</ele><time>2026-07-11T10:12:20Z</time></trkpt>
<trkpt lat="47.153840" lon="18.341307"><ele>80.6</ele><time>2026-07-11T10:12:40Z</time></trkpt>
<trkpt lat="47.152364" lon="18.338514"><ele>81.0</ele><time>2026-07-11T10:13Z</time></trkpt>
<trkpt lat="47.150906" lon="18.335734"><ele>80.2</ele><time>2026-07-11T10:13:20Z</time></trkpt>
<trkpt lat="47.149468" lon="18.332967"><ele>81.0</ele><time>2026-07-11T10:13:40Z</time></trkpt>
<trkpt lat="47.148051" lon="18.330211"><ele>80.3</ele><time>2026-07-11T10:14Z</time></trkpt>
<trkpt lat="47.146654" lon="18.327466"><ele>80.4</ele><time>2026-07-11T10:14:20Z</time></trkpt>
<trkpt lat="47.145279" lon="18.324732"><ele>80.5</ele><time>2026-07-11T10:14:40Z</time></trkpt>
<trkpt lat="47.143926" lon="18.322006"><ele>80.8</ele><time>2026-07-11T10:15Z</time></trkpt>
<trkpt lat="47.142596" lon="18.319288"><ele>80.3</ele><time>2026-07-11T10:15:20Z</time></trkpt>
<trkpt lat="47.141289" lon="18.316578"><ele>81.0</ele><time>2026-07-11T10:15:40Z</time></trkpt>
<trkpt lat="47.140005" lon="18.313874"><ele>81.0</ele><time>2026-07-11T10:16Z</time></trkpt>
<trkpt lat="47.138744" lon="18.311176"><ele>80.4</ele><time>2026-07-11T10:16:20Z</time></trkpt>
<trkpt lat="47.137507" lon="18.308481"><ele>81.1</ele><time>2026-07-11T10:16:40Z</time></trkpt>
<trkpt lat="47.136292" lon="18.305790"><ele>81.1</ele><time>2026-07-11T10:17Z</time></trkpt>
<trkpt lat="47.135100" lon="18.303102"><ele>81.4</ele><time>2026-07-11T10:17:20Z</time></trkpt>
<trkpt lat="47.133931" lon="18.300414"><ele>81.0</ele><time>2026-07-11T10:17:40Z</time></trkpt>
<trkpt lat="47.132785" lon="18.297727"><ele>81.0</ele><time>2026-07-11T10:18Z</time></trkpt>
<trkpt lat="47.131659" lon="18.295039"><ele>81.4</ele><time>2026-07-11T10:18:20Z</time></trkpt>
<trkpt lat="47.130555" lon="18.292348"><ele>82.0</ele><time>2026-07-11T10:18:40Z</time></trkpt>
<trkpt lat="47.129471" lon="18.289655"><ele>81.8</ele><time>2026-07-11T10:19Z</time></trkpt>
<trkpt lat="47.128407" lon="18.286958"><ele>82.1</ele><time>2026-07-11T10:19:20Z</time></trkpt>
<trkpt lat="47.127361" lon="18.284256"><ele>82.9</ele><time>2026-07-11T10:19:40Z</time></trkpt>
<trkpt lat="47.126333" lon="18.281547"><ele>83.4</ele><time>2026-07-11T10:20Z</time></trkpt>
<trkpt lat="47.125321" lon="18.278832"><ele>82.9</ele><time>2026-07-11T10:20:20Z</time></trkpt>
<trkpt lat="47.124325" lon="18.276108"><ele>83.6</ele><time>2026-07-11T10:20:40Z</time></trkpt>
<trkpt lat="47.123343" lon="18.273376"><ele>83.6</ele><time>2026-07-11T10:21Z</time></trkpt>
<trkpt lat="47.122373" lon="18.270634"><ele>84.8</ele><time>2026-07-11T10:21:20Z</time></trkpt>
<trkpt lat="47.121416" lon="18.267881"><ele>84.8</ele><time>2026-07-11T10:21:40Z</time></trkpt>
<trkpt lat="47.120468" lon="18.265116"><ele>84.6</ele><time>2026-07-11T10:22Z</time></trkpt>
<trkpt lat="47.119530" lon="18.262340"><ele>85.5</ele><time>2026-07-11T10:22:20Z</time></trkpt>
<trkpt lat="47.118598" lon="18.259550"><ele>86.0</ele><time>2026-07-11T10:22:40Z</time></trkpt>
<trkpt lat="47.117672" lon="18.256746"><ele>86.1</ele><time>2026-07-11T10:23Z</time></trkpt>
<trkpt lat="47.116751" lon="18.253928"><ele>86.7</ele><time>2026-07-11T10:23:20Z</time></trkpt>
<trkpt lat="47.115832" lon="18.251095"><ele>87.0</ele><time>2026-07-11T10:23:40Z</time></trkpt>
<trkpt lat="47.114914" lon="18.248246"><ele>88.0</ele><time>2026-07-11T10:24Z</time></trkpt>
<trkpt lat="47.113996" lon="18.245381"><ele>88.5</ele><time>2026-07-11T10:24:20Z</time></trkpt>
<trkpt lat="47.113075" lon="18.242500"><ele>89.3</ele><time>2026-07-11T10:24:40Z</time></trkpt>
<trkpt lat="47.112151" lon="18.239602"><ele>89.8</ele><time>2026-07-11T10:25Z</time></trkpt>
<trkpt lat="47.111222" lon="18.236686"><ele>89.5</ele><time>2026-07-11T10:25:20Z</time></trkpt>
<trkpt lat="47.110286" lon="18.233753"><ele>90.6</ele><time>2026-07-11T10:25:40Z</time></trkpt>
<trkpt lat="47.109342" lon="18.230802"><ele>91.4</ele><time>2026-07-11T10:26Z</time></trkpt>
<trkpt lat="47.108388" lon="18.227834"><ele>91.1</ele><time>2026-07-11T10:26:20Z</time></trkpt>
<trkpt lat="47.107423" lon="18.224847"><ele>91.9</ele><time>2026-07-11T10:26:40Z</time></trkpt>
<trkpt lat="47.106445" lon="18.221843"><ele>92.7</ele><time>2026-07-11T10:27Z</time></trkpt>
<trkpt lat="47.105454" lon="18.218820"><ele>93.4</ele><time>2026-07-11T10:27:20Z</time></trkpt>
<trkpt lat="47.104447" lon="18.215780"><ele>94.0</ele><time>2026-07-11T10:27:40Z</time></trkpt>
<trkpt lat="47.103425" lon="18.212722"><ele>94.3</ele><time>2026-07-11T10:28Z</time></trkpt>
<trkpt lat="47.102385" lon="18.209647"><ele>95.5</ele><time>2026-07-11T10:28:20Z</time></trkpt>
<trkpt lat="47.101326" lon="18.206555"><ele>95.9</ele><time>2026-07-11T10:28:40Z</time></trkpt>
<trkpt lat="47.100248" lon="18.203446"><ele>96.4</ele><time>2026-07-11T10:29Z</time></trkpt>
<trkpt lat="47.099150" lon="18.200320"><ele>97.5</ele><time>2026-07-11T10:29:20Z</time></trkpt>
<trkpt lat="47.098031" lon="18.197179"><ele>97.8</ele><time>2026-07-11T10:29:40Z</time></trkpt>
<trkpt lat="47.096891" lon="18.194022"><ele>98.4</ele><time>2026-07-11T10:30Z</time></trkpt>
<trkpt lat="47.095728" lon="18.190851"><ele>99.2</ele><time>2026-07-11T10:30:20Z</time></trkpt>
<trkpt lat="47.094542" lon="18.187666"><ele>100.2</ele><time>2026-07-11T10:30:40Z</time></trkpt>
<trkpt lat="47.093334" lon="18.184467"><ele>101.2</ele><time>2026-07-11T10:31Z</time></trkpt>
<trkpt lat="47.092102" lon="18.181255"><ele>101.3</ele><time>2026-07-11T10:31:20Z</time></trkpt>
<trkpt lat="47.090846" lon="18.178031"><ele>102.0</ele><time>2026-07-11T10:31:40Z</time></trkpt>
<trkpt lat="47.089567" lon="18.174796"><ele>102.8</ele><time>2026-07-11T10:32Z</time></trkpt>
<trkpt lat="47.088264" lon="18.171551"><ele>103.8</ele><time>2026-07-11T10:32:20Z</time></trkpt>
<trkpt lat="47.086938" lon="18.168297"><ele>104.0</ele><time>2026-07-11T10:32:40Z</time></trkpt>
<trkpt lat="47.085589" lon="18.165034"><ele>105.3</ele><time>2026-07-11T10:33Z</time></trkpt>
<trkpt lat="47.084216" lon="18.161763"><ele>105.6</ele><time>2026-07-11T10:33:20Z</time></trkpt>
<trkpt lat="47.082822" lon="18.158486"><ele>107.0</ele><time>2026-07-11T10:33:40Z</time></trkpt>
<trkpt lat="47.081406" lon="18.155203"><ele>107.0</ele><time>2026-07-11T10:34Z</time></trkpt>
<trkpt lat="47.079968" lon="18.151915"><ele>107.6</ele><time>2026-07-11T10:34:20Z</time></trkpt>
<trkpt lat="47.078510" lon="18.148624"><ele>108.9</ele><time>2026-07-11T10:34:40Z</time></trkpt>
<trkpt lat="47.077033" lon="18.145331"><ele>109.9</ele><time>2026-07-11T10:35Z</time></trkpt>
<trkpt lat="47.075537" lon="18.142036"><ele>110.0</ele><time>2026-07-11T10:35:20Z</time></trkpt>
<trkpt lat="47.074023" lon="18.138741"><ele>111.0</ele><time>2026-07-11T10:35:40Z</time></trkpt>
<trkpt lat="47.072493" lon="18.135446"><ele>111.3</ele><time>2026-07-11T10:36Z</time></trkpt>
<trkpt lat="47.070948" lon="18.132153"><ele>112.4</ele><time>2026-07-11T10:36:20Z</time></trkpt>
<trkpt lat="47.069388" lon="18.128862"><ele>112.8</ele><time>2026-07-11T10:36:40Z</time></trkpt>
<trkpt lat="47.067815" lon="18.125576"><ele>113.8</ele><time>2026-07-11T10:37Z</time></trkpt>
<trkpt lat="47.066231" lon="18.122294"><ele>114.2</ele><time>2026-07-11T10:37:20Z</time></trkpt>
<trkpt lat="47.064637" lon="18.119018"><ele>115.8</ele><time>2026-07-11T10:37:40Z</time></trkpt>
<trkpt lat="47.063034" lon="18.115749"><ele>116.0</ele><time>2026-07-11T10:38Z</time></trkpt>
<trkpt lat="47.061424" lon="18.112487"><ele>116.7</ele><time>2026-07-11T10:38:20Z</time></trkpt>
<trkpt lat="47.059808" lon="18.109234"><ele>117.4</ele><time>2026-07-11T10:38:40Z</time></trkpt>
<trkpt lat="47.058189" lon="18.105991"><ele>117.9</ele><time>2026-07-11T10:39Z</time></trkpt>
<trkpt lat="47.056566" lon="18.102758"><ele>118.7</ele><time>2026-07-11T10:39:20Z</time></trkpt>
<trkpt lat="47.054942" lon="18.099536"><ele>119.8</ele><time>2026-07-11T10:39:40Z</time></trkpt>
<trkpt lat="47.053319" lon="18.096327"><ele>120.5</ele><time>2026-07-11T10:40Z</time></trkpt>
<trkpt lat="47.051698" lon="18.093130"><ele>121.1</ele><time>2026-07-11T10:40:20Z</time></trkpt>
<trkpt lat="47.050080" lon="18.089946"><ele>121.5</ele><time>2026-07-11T10:40:40Z</time></trkpt>
<trkpt lat="47.048467" lon="18.086776"><ele>122.2</ele><time>2026-07-11T10:41Z</time></trkpt>
<trkpt lat="47.046861" lon="18.083622"><ele>123.4</ele><time>2026-07-11T10:41:20Z</time></trkpt>
<trkpt lat="47.045263" lon="18.080482"><ele>123.7</ele><time>2026-07-11T10:41:40Z</time></trkpt>
<trkpt lat="47.043674" lon="18.077358"><ele>124.8</ele><time>2026-07-11T10:42Z</time></trkpt>
<trkpt lat="47.042096" lon="18.074250"><ele>125.2</ele><time>2026-07-11T10:42:20Z</time></trkpt>
<trkpt lat="47.040530" lon="18.071159"><ele>126.0</ele><time>2026-07-11T10:42:40Z</time></trkpt>
<trkpt lat="47.038977" lon="18.068084"><ele>126.2</ele><time>2026-07-11T10:43Z</time></trkpt>
<trkpt lat="47.037439" lon="18.065027"><ele>126.9</ele><time>2026-07-11T10:43:20Z</time></trkpt>
<trkpt lat="47.035916" lon="18.061987"><ele>128.2</ele><time>2026-07-11T10:43:40Z</time></trkpt>
<trkpt lat="47.034410" lon="18.058964"><ele>128.9</ele><time>2026-07-11T10:44Z</time></trkpt>
<trkpt lat="47.032921" lon="18.055959"><ele>129.1</ele><time>2026-07-11T10:44:20Z</time></trkpt>
<trkpt lat="47.031451" lon="18.052971"><ele>129.9</ele><time>2026-07-11T10:44:40Z</time></trkpt>
<trkpt lat="47.030000" lon="18.050000"><ele>81.8</ele><time>2026-07-11T10:45Z</time></trkpt>
<trkpt lat="47.029040" lon="18.048593"><ele>82.1</ele><time>2026-07-11T10:45:20Z</time></trkpt>
<trkpt lat="47.028088" lon="18.047204"><ele>82.3</ele><time>2026-07-11T10:45:40Z</time></trkpt>
<trkpt lat="47.027147" lon="18.045833"><ele>82.6</ele><time>2026-07-11T10:46Z</time></trkpt>
<trkpt lat="47.026219" lon="18.044479"><ele>83.2</ele><time>2026-07-11T10:46:20Z</time></trkpt>
<trkpt lat="47.025305" lon="18.043143"><ele>83.3</ele><time>2026-07-11T10:46:40Z</time></trkpt>
<trkpt lat="47.024407" lon="18.041822"><ele>83.9</ele><time>2026-07-11T10:47Z</time></trkpt>
<trkpt lat="47.023526" lon="18.040516"><ele>84.4</ele><time>2026-07-11T10:47:20Z</time></trkpt>
<trkpt lat="47.022663" lon="18.039225"><ele>84.7</ele><time>2026-07-11T10:47:40Z</time></trkpt>
<trkpt lat="47.021821" lon="18.037947"><ele>84.7</ele><time>2026-07-11T10:48Z</time></trkpt>
<trkpt lat="47.021000" lon="18.036681"><ele>85.0</ele><time>2026-07-11T10:48:20Z</time></trkpt>
<trkpt lat="47.020201" lon="18.035426"><ele>86.0</ele><time>2026-07-11T10:48:40Z</time></trkpt>
<trkpt lat="47.019425" lon="18.034181"><ele>86.3</ele><time>2026-07-11T10:49Z</time></trkpt>
<trkpt lat="47.018673" lon="18.032945"><ele>87.0</ele><time>2026-07-11T10:49:20Z</time></trkpt>
<trkpt lat="47.017946" lon="18.031717"><ele>87.5</ele><time>2026-07-11T10:49:40Z</time></trkpt>
<trkpt lat="47.017243" lon="18.030494"><ele>87.7</ele><time>2026-07-11T10:50Z</time></trkpt>
<trkpt lat="47.016565" lon="18.029277"><ele>88.9</ele><time>2026-07-11T10:50:20Z</time></trkpt>
<trkpt lat="47.015913" lon="18.028063"><ele>89.2</ele><time>2026-07-11T10:50:40Z</time></trkpt>
<trkpt lat="47.015286" lon="18.026852"><ele>89.6</ele><time>2026-07-11T10:51Z</time></trkpt>
<trkpt lat="47.014684" lon="18.025641"><ele>90.6</ele><time>2026-07-11T10:51:20Z</time></trkpt>
<trkpt lat="47.014107" lon="18.024430"><ele>91.2</ele><time>2026-07-11T10:51:40Z</time></trkpt>
<trkpt lat="47.013555" lon="18.023218"><ele>91.7</ele><time>2026-07-11T10:52Z</time></trkpt>
<trkpt lat="47.013026" lon="18.022002"><ele>92.3</ele><time>2026-07-11T10:52:20Z</time></trkpt>
<trkpt lat="47.012520" lon="18.020781"><ele>92.6</ele><time>2026-07-11T10:52:40Z</time></trkpt>
<trkpt lat="47.012036" lon="18.019555"><ele>93.2</ele><time>2026-07-11T10:53Z</time></trkpt>
<trkpt lat="47.011573" lon="18.018321"><ele>94.0</ele><time>2026-07-11T10:53:20Z</time></trkpt>
<trkpt lat="47.011129" lon="18.017080"><ele>94.9</ele><time>2026-07-11T10:53:40Z</time></trkpt>
<trkpt lat="47.010704" lon="18.015828"><ele>96.1</ele><time>2026-07-11T10:54Z</time></trkpt>
<trkpt lat="47.010297" lon="18.014566"><ele>96.6</ele><time>2026-07-11T10:54:20Z</time></trkpt>
<trkpt lat="47.009904" lon="18.013292"><ele>97.5</ele><time>2026-07-11T10:54:40Z</time></trkpt>
<trkpt lat="47.009526" lon="18.012005"><ele>97.9</ele><time>2026-07-11T10:55Z</time></trkpt>
<trkpt lat="47.009160" lon="18.010704"><ele>99.1</ele><time>2026-07-11T10:55:20Z</time></trkpt>
<trkpt lat="47.008804" lon="18.009387"><ele>99.3</ele><time>2026-07-11T10:55:40Z</time></trkpt>
<trkpt lat="47.008456" lon="18.008055"><ele>100.2</ele><time>2026-07-11T10:56Z</time></trkpt>
<trkpt lat="47.008115" lon="18.006707"><ele>101.7</ele><time>2026-07-11T10:56:20Z</time></trkpt>
<trkpt lat="47.007779" lon="18.005340"><ele>102.2</ele><time>2026-07-11T10:56:40Z</time></trkpt>
<trkpt lat="47.007445" lon="18.003956"><ele>103.2</ele><time>2026-07-11T10:57Z</time></trkpt>
<trkpt lat="47.007112" lon="18.002553"><ele>103.6</ele><time>2026-07-11T10:57:20Z</time></trkpt>
<trkpt lat="47.006777" lon="18.001131"><ele>104.6</ele><time>2026-07-11T10:57:40Z</time></trkpt>
<trkpt lat="47.006439" lon="17.999689"><ele>105.1</ele><time>2026-07-11T10:58Z</time></trkpt>
<trkpt lat="47.006095" lon="17.998228"><ele>106.3</ele><time>2026-07-11T10:58:20Z</time></trkpt>
<trkpt lat="47.005744" lon="17.996746"><ele>107.4</ele><time>2026-07-11T10:58:40Z</time></trkpt>
<trkpt lat="47.005383" lon="17.995244"><ele>108.2</ele><time>2026-07-11T10:59Z</time></trkpt>
<trkpt lat="47.005011" lon="17.993721"><ele>108.8</ele><time>2026-07-11T10:59:20Z</time></trkpt>
<trkpt lat="47.004626" lon="17.992179"><ele>109.4</ele><time>2026-07-11T10:59:40Z</time></trkpt>
<trkpt lat="47.004225" lon="17.990616"><ele>110.7</ele><time>2026-07-11T11:00Z</time></trkpt>
<trkpt lat="47.003808" lon="17.989034"><ele>111.9</ele><time>2026-07-11T11:00:20Z</time></trkpt>
<trkpt lat="47.003373" lon="17.987431"><ele>112.5</ele><time>2026-07-11T11:00:40Z</time></trkpt>
<trkpt lat="47.002918" lon="17.985810"><ele>113.1</ele><time>2026-07-11T11:01Z</time></trkpt>
<trkpt lat="47.002441" lon="17.984170"><ele>114.2</ele><time>2026-07-11T11:01:20Z</time></trkpt>
<trkpt lat="47.001943" lon="17.982512"><ele>115.0</ele><time>2026-07-11T11:01:40Z</time></trkpt>
<trkpt lat="47.001421" lon="17.980837"><ele>116.1</ele><time>2026-07-11T11:02Z</time></trkpt>
<trkpt lat="47.000874" lon="17.979145"><ele>116.6</ele><time>2026-07-11T11:02:20Z</time></trkpt>
<trkpt lat="47.000302" lon="17.977438"><ele>117.8</ele><time>2026-07-11T11:02:40Z</time></trkpt>
<trkpt lat="46.999704" lon="17.975715"><ele>117.9</ele><time>2026-07-11T11:03Z</time></trkpt>
<trkpt lat="46.999079" lon="17.973979"><ele>119.4</ele><time>2026-07-11T11:03:20Z</time></trkpt>
<trkpt lat="46.998427" lon="17.972229"><ele>119.6</ele><time>2026-07-11T11:03:40Z</time></trkpt>
<trkpt lat="46.997748" lon="17.970468"><ele>120.6</ele><time>2026-07-11T11:04Z</time></trkpt>
<trkpt lat="46.997042" lon="17.968696"><ele>121.5</ele><time>2026-07-11T11:04:20Z</time></trkpt>
<trkpt lat="46.996308" lon="17.966915"><ele>122.1</ele><time>2026-07-11T11:04:40Z</time></trkpt>
<trkpt lat="46.995547" lon="17.965125"><ele>123.2</ele><time>2026-07-11T11:05Z</time></trkpt>
<trkpt lat="46.994760" lon="17.963329"><ele>123.9</ele><time>2026-07-11T11:05:20Z</time></trkpt>
<trkpt lat="46.993946" lon="17.961527"><ele>125.0</ele><time>2026-07-11T11:05:40Z</time></trkpt>
<trkpt lat="46.993107" lon="17.959720"><ele>125.7</ele><time>2026-07-11T11:06Z</time></trkpt>
<trkpt lat="46.992243" lon="17.957910"><ele>125.7</ele><time>2026-07-11T11:06:20Z</time></trkpt>
<trkpt lat="46.991355" lon="17.956099"><ele>127.2</ele><time>2026-07-11T11:06:40Z</time></trkpt>
<trkpt lat="46.990444" lon="17.954288"><ele>127.8</ele><time>2026-07-11T11:07Z</time></trkpt>
<trkpt lat="46.989513" lon="17.952477"><ele>128.2</ele><time>2026-07-11T11:07:20Z</time></trkpt>
<trkpt lat="46.988561" lon="17.950670"><ele>128.7</ele><time>2026-07-11T11:07:40Z</time></trkpt>
<trkpt lat="46.987590" lon="17.948865"><ele>129.2</ele><time>2026-07-11T11:08Z</time></trkpt>
<trkpt lat="46.986603" lon="17.947066"><ele>130.5</ele><time>2026-07-11T11:08:20Z</time></trkpt>
<trkpt lat="46.985600" lon="17.945274"><ele>131.3</ele><time>2026-07-11T11:08:40Z</time></trkpt>
<trkpt lat="46.984583" lon="17.943489"><ele>131.8</ele><time>2026-07-11T11:09Z</time></trkpt>
<trkpt lat="46.983555" lon="17.941713"><ele>132.3</ele><time>2026-07-11T11:09:20Z</time></trkpt>
<trkpt lat="46.982516" lon="17.939947"><ele>132.4</ele><time>2026-07-11T11:09:40Z</time></trkpt>
<trkpt lat="46.981470" lon="17.938193"><ele>132.8</ele><time>2026-07-11T11:10Z</time></trkpt>
<trkpt lat="46.980418" lon="17.936451"><ele>134.2</ele><time>2026-07-11T11:10:20Z</time></trkpt>
<trkpt lat="46.979361" lon="17.934722"><ele>134.2</ele><time>2026-07-11T11:10:40Z</time></trkpt>
<trkpt lat="46.978303" lon="17.933008"><ele>134.6</ele><time>2026-07-11T11:11Z</time></trkpt>
<trkpt lat="46.977245" lon="17.931309"><ele>135.1</ele><time>2026-07-11T11:11:20Z</time></trkpt>
<trkpt lat="46.976188" lon="17.929626"><ele>135.5</ele><time>2026-07-11T11:11:40Z</time></trkpt>
<trkpt lat="46.975136" lon="17.927960"><ele>136.6</ele><time>2026-07-11T11:12Z</time></trkpt>
<trkpt lat="46.974090" lon="17.926312"><ele>137.1</ele><time>2026-07-11T11:12:20Z</time></trkpt>
<trkpt lat="46.973051" lon="17.924681"><ele>136.9</ele><time>2026-07-11T11:12:40Z</time></trkpt>
<trkpt lat="46.972022" lon="17.923070"><ele>137.2</ele><time>2026-07-11T11:13Z</time></trkpt>
<trkpt lat="46.971005" lon="17.921477"><ele>137.6</ele><time>2026-07-11T11:13:20Z</time></trkpt>
<trkpt lat="46.970002" lon="17.919904"><ele>138.5</ele><time>2026-07-11T11:13:40Z</time></trkpt>
<trkpt lat="46.969013" lon="17.918351"><ele>138.0</ele><time>2026-07-11T11:14Z</time></trkpt>
<trkpt lat="46.968040" lon="17.916818"><ele>138.9</ele><time>2026-07-11T11:14:20Z</time></trkpt>
<trkpt lat="46.967086" lon="17.915304"><ele>139.2</ele><time>2026-07-11T11:14:40Z</time></trkpt>
<trkpt lat="46.966151" lon="17.913810"><ele>139.0</ele><time>2026-07-11T11:15Z</time></trkpt>
<trkpt lat="46.965236" lon="17.912337"><ele>140.0</ele><time>2026-07-11T11:15:20Z</time></trkpt>
<trkpt lat="46.964342" lon="17.910882"><ele>139.4</ele><time>2026-07-11T11:15:40Z</time></trkpt>
<trkpt lat="46.963471" lon="17.909447"><ele>140.1</ele><time>2026-07-11T11:16Z</time></trkpt>
<trkpt lat="46.962623" lon="17.908031"><ele>139.9</ele><time>2026-07-11T11:16:20Z</time></trkpt>
<trkpt lat="46.961799" lon="17.906633"><ele>140.3</ele><time>2026-07-11T11:16:40Z</time></trkpt>
<trkpt lat="46.961000" lon="17.905253"><ele>140.7</ele><time>2026-07-11T11:17Z</time></trkpt>
<trkpt lat="46.960225" lon="17.903890"><ele>140.7</ele><time>2026-07-11T11:17:20Z</time></trkpt>
<trkpt lat="46.959474" lon="17.902543"><ele>140.4</ele><time>2026-07-11T11:17:40Z</time></trkpt>
<trkpt lat="46.958749" lon="17.901212"><ele>140.6</ele><time>2026-07-11T11:18Z</time></trkpt>
<trkpt lat="46.958048" lon="17.899896"><ele>140.1</ele><time>2026-07-11T11:18:20Z</time></trkpt>
<trkpt lat="46.957372" lon="17.898594"><ele>140.6</ele><time>2026-07-11T11:18:40Z</time></trkpt>
<trkpt lat="46.956720" lon="17.897304"><ele>140.0</ele><time>2026-07-11T11:19Z</time></trkpt>
<trkpt lat="46.956091" lon="17.896026"><ele>140.6</ele><time>2026-07-11T11:19:20Z</time></trkpt>
<trkpt lat="46.955485" lon="17.894758"><ele>140.1</ele><time>2026-07-11T11:19:40Z</time></trkpt>
<trkpt lat="46.954900" lon="17.893500"><ele>102.1</ele><time>2026-07-11T11:20Z</time></trkpt>
<trkpt lat="46.954696" lon="17.893510"><ele>102.0</ele><time>2026-07-11T11:20:20Z</time></trkpt>
<trkpt lat="46.954493" lon="17.893520"><ele>102.9</ele><time>2026-07-11T11:20:40Z</time></trkpt>
<trkpt lat="46.954292" lon="17.893531"><ele>103.1</ele><time>2026-07-11T11:21Z</time></trkpt>
<trkpt lat="46.954092" lon="17.893541"><ele>103.6</ele><time>2026-07-11T11:21:20Z</time></trkpt>
<trkpt lat="46.953894" lon="17.893552"><ele>103.9</ele><time>2026-07-11T11:21:40Z</time></trkpt>
<trkpt lat="46.953697" lon="17.893563"><ele>104.6</ele><time>2026-07-11T11:22Z</time></trkpt>
<trkpt lat="46.953502" lon="17.893574"><ele>104.8</ele><time>2026-07-11T11:22:20Z</time></trkpt>
<trkpt lat="46.953308" lon="17.893585"><ele>105.0</ele><time>2026-07-11T11:22:40Z</time></trkpt>
<trkpt lat="46.953115" lon="17.893596"><ele>105.7</ele><time>2026-07-11T11:23Z</time></trkpt>
<trkpt lat="46.952924" lon="17.893607"><ele>106.1</ele><time>2026-07-11T11:23:20Z</time></trkpt>
<trkpt lat="46.952735" lon="17.893618"><ele>107.2</ele><time>2026-07-11T11:23:40Z</time></trkpt>
<trkpt lat="46.952547" lon="17.893629"><ele>107.0</ele><time>2026-07-11T11:24Z</time></trkpt>
<trkpt lat="46.952360" lon="17.893640"><ele>107.4</ele><time>2026-07-11T11:24:20Z</time></trkpt>
<trkpt lat="46.952175" lon="17.893650"><ele>107.8</ele><time>2026-07-11T11:24:40Z</time></trkpt>
<trkpt lat="46.951991" lon="17.893661"><ele>108.1</ele><time>2026-07-11T11:25Z</time></trkpt>
<trkpt lat="46.951809" lon="17.893671"><ele>109.0</ele><time>2026-07-11T11:25:20Z</time></trkpt>
<trkpt lat="46.951628" lon="17.893681"><ele>109.2</ele><time>2026-07-11T11:25:40Z</time></trkpt>
<trkpt lat="46.951448" lon="17.893690"><ele>110.1</ele><time>2026-07-11T11:26Z</time></trkpt>
<trkpt lat="46.951270" lon="17.893699"><ele>109.7</ele><time>2026-07-11T11:26:20Z</time></trkpt>
<trkpt lat="46.951093" lon="17.893707"><ele>111.0</ele><time>2026-07-11T11:26:40Z</time></trkpt>
<trkpt lat="46.950918" lon="17.893716"><ele>111.3</ele><time>2026-07-11T11:27Z</time></trkpt>
<trkpt lat="46.950743" lon="17.893723"><ele>111.9</ele><time>2026-07-11T11:27:20Z</time></trkpt>
<trkpt lat="46.950570" lon="17.893730"><ele>112.0</ele><time>2026-07-11T11:27:40Z</time></trkpt>
<trkpt lat="46.950398" lon="17.893737"><ele>112.1</ele><time>2026-07-11T11:28Z</time></trkpt>
<trkpt lat="46.950227" lon="17.893742"><ele>112.3</ele><time>2026-07-11T11:28:20Z</time></trkpt>
<trkpt lat="46.950058" lon="17.893748"><ele>112.7</ele><time>2026-07-11T11:28:40Z</time></trkpt>
<trkpt lat="46.949889" lon="17.893752"><ele>113.6</ele><time>2026-07-11T11:29Z</time></trkpt>
<trkpt lat="46.949722" lon="17.893756"><ele>114.4</ele><time>2026-07-11T11:29:20Z</time></trkpt>
<trkpt lat="46.949555" lon="17.893759"><ele>114.6</ele><time>2026-07-11T11:29:40Z</time></trkpt>
<trkpt lat="46.949390" lon="17.893761"><ele>115.3</ele><time>2026-07-11T11:30Z</time></trkpt>
<trkpt lat="46.949225" lon="17.893763"><ele>115.4</ele><time>2026-07-11T11:30:20Z</time></trkpt>
<trkpt lat="46.949061" lon="17.893763"><ele>115.3</ele><time>2026-07-11T11:30:40Z</time></trkpt>
<trkpt lat="46.948898" lon="17.893763"><ele>115.9</ele><time>2026-07-11T11:31Z</time></trkpt>
<trkpt lat="46.948736" lon="17.893762"><ele>116.3</ele><time>2026-07-11T11:31:20Z</time></trkpt>
<trkpt lat="46.948575" lon="17.893760"><ele>116.5</ele><time>2026-07-11T11:31:40Z</time></trkpt>
<trkpt lat="46.948414" lon="17.893757"><ele>117.7</ele><time>2026-07-11T11:32Z</time></trkpt>
<trkpt lat="46.948254" lon="17.893753"><ele>117.7</ele><time>2026-07-11T11:32:20Z</time></trkpt>
<trkpt lat="46.948094" lon="17.893748"><ele>118.0</ele><time>2026-07-11T11:32:40Z</time></trkpt>
<trkpt lat="46.947935" lon="17.893742"><ele>118.8</ele><time>2026-07-11T11:33Z</time></trkpt>
<trkpt lat="46.947776" lon="17.893735"><ele>119.2</ele><time>2026-07-11T11:33:20Z</time></trkpt>
<trkpt lat="46.947618" lon="17.893727"><ele>119.4</ele><time>2026-07-11T11:33:40Z</time></trkpt>
<trkpt lat="46.947460" lon="17.893718"><ele>120.1</ele><time>2026-07-11T11:34Z</time></trkpt>
<trkpt lat="46.947302" lon="17.893708"><ele>120.6</ele><time>2026-07-11T11:34:20Z</time></trkpt>
<trkpt lat="46.947144" lon="17.893697"><ele>121.1</ele><time>2026-07-11T11:34:40Z</time></trkpt>
<trkpt lat="46.946987" lon="17.893684"><ele>120.7</ele><time>2026-07-11T11:35Z</time></trkpt>
<trkpt lat="46.946830" lon="17.893671"><ele>121.9</ele><time>2026-07-11T11:35:20Z</time></trkpt>
<trkpt lat="46.946672" lon="17.893656"><ele>121.6</ele><time>2026-07-11T11:35:40Z</time></trkpt>
<trkpt lat="46.946515" lon="17.893640"><ele>121.8</ele><time>2026-07-11T11:36Z</time></trkpt>
<trkpt lat="46.946358" lon="17.893623"><ele>123.0</ele><time>2026-07-11T11:36:20Z</time></trkpt>
<trkpt lat="46.946200" lon="17.893605"><ele>122.9</ele><time>2026-07-11T11:36:40Z</time></trkpt>
<trkpt lat="46.946042" lon="17.893585"><ele>123.8</ele><time>2026-07-11T11:37Z</time></trkpt>
<trkpt lat="46.945884" lon="17.893565"><ele>124.1</ele><time>2026-07-11T11:37:20Z</time></trkpt>
<trkpt lat="46.945726" lon="17.893543"><ele>123.9</ele><time>2026-07-11T11:37:40Z</time></trkpt>
<trkpt lat="46.945567" lon="17.893520"><ele>124.7</ele><time>2026-07-11T11:38Z</time></trkpt>
<trkpt lat="46.945408" lon="17.893496"><ele>124.5</ele><time>2026-07-11T11:38:20Z</time></trkpt>
<trkpt lat="46.945248" lon="17.893470"><ele>125.5</ele><time>2026-07-11T11:38:40Z</time></trkpt>
<trkpt lat="46.945088" lon="17.893444"><ele>125.8</ele><time>2026-07-11T11:39Z</time></trkpt>
<trkpt lat="46.944927" lon="17.893416"><ele>125.6</ele><time>2026-07-11T11:39:20Z</time></trkpt>
<trkpt lat="46.944766" lon="17.893387"><ele>126.7</ele><time>2026-07-11T11:39:40Z</time></trkpt>
<trkpt lat="46.944603" lon="17.893357"><ele>126.9</ele><time>2026-07-11T11:40Z</time></trkpt>
<trkpt lat="46.944440" lon="17.893325"><ele>127.6</ele><time>2026-07-11T11:40:20Z</time></trkpt>
<trkpt lat="46.944276" lon="17.893293"><ele>127.8</ele><time>2026-07-11T11:40:40Z</time></trkpt>
<trkpt lat="46.944111" lon="17.893259"><ele>127.6</ele><time>2026-07-11T11:41Z</time></trkpt>
<trkpt lat="46.943946" lon="17.893224"><ele>127.9</ele><time>2026-07-11T11:41:20Z</time></trkpt>
<trkpt lat="46.943779" lon="17.893188"><ele>129.0</ele><time>2026-07-11T11:41:40Z</time></trkpt>
<trkpt lat="46.943611" lon="17.893151"><ele>128.4</ele><time>2026-07-11T11:42Z</time></trkpt>
<trkpt lat="46.943442" lon="17.893113"><ele>129.6</ele><time>2026-07-11T11:42:20Z</time></trkpt>
<trkpt lat="46.943272" lon="17.893074"><ele>129.1</ele><time>2026-07-11T11:42:40Z</time></trkpt>
<trkpt lat="46.943101" lon="17.893033"><ele>130.0</ele><time>2026-07-11T11:43Z</time></trkpt>
<trkpt lat="46.942929" lon="17.892992"><ele>129.9</ele><time>2026-07-11T11:43:20Z</time></trkpt>
<trkpt lat="46.942755" lon="17.892950"><ele>130.1</ele><time>2026-07-11T11:43:40Z</time></trkpt>
<trkpt lat="46.942580" lon="17.892906"><ele>130.4</ele><time>2026-07-11T11:44Z</time></trkpt>
<trkpt lat="46.942404" lon="17.892862"><ele>131.1</ele><time>2026-07-11T11:44:20Z</time></trkpt>
<trkpt lat="46.942226" lon="17.892816"><ele>131.5</ele><time>2026-07-11T11:44:40Z</time></trkpt>
<trkpt lat="46.942047" lon="17.892770"><ele>131.3</ele><time>2026-07-11T11:45Z</time></trkpt>
<trkpt lat="46.941867" lon="17.892723"><ele>131.8</ele><time>2026-07-11T11:45:20Z</time></trkpt>
<trkpt lat="46.941685" lon="17.892674"><ele>131.9</ele><time>2026-07-11T11:45:40Z</time></trkpt>
<trkpt lat="46.941501" lon="17.892625"><ele>132.7</ele><time>2026-07-11T11:46Z</time></trkpt>
<trkpt lat="46.941316" lon="17.892576"><ele>132.5</ele><time>2026-07-11T11:46:20Z</time></trkpt>
<trkpt lat="46.941130" lon="17.892525"><ele>133.6</ele><time>2026-07-11T11:46:40Z</time></trkpt>
<trkpt lat="46.940942" lon="17.892473"><ele>133.6</ele><time>2026-07-11T11:47Z</time></trkpt>
<trkpt lat="46.940752" lon="17.892421"><ele>133.8</ele><time>2026-07-11T11:47:20Z</time></trkpt>
<trkpt lat="46.940561" lon="17.892368"><ele>134.2</ele><time>2026-07-11T11:47:40Z</time></trkpt>
<trkpt lat="46.940368" lon="17.892315"><ele>134.8</ele><time>2026-07-11T11:48Z</time></trkpt>
<trkpt lat="46.940174" lon="17.892261"><ele>134.6</ele><time>2026-07-11T11:48:20Z</time></trkpt>
<trkpt lat="46.939978" lon="17.892206"><ele>135.3</ele><time>2026-07-11T11:48:40Z</time></trkpt>
<trkpt lat="46.939780" lon="17.892150"><ele>135.2</ele><time>2026-07-11T11:49Z</time></trkpt>
<trkpt lat="46.939581" lon="17.892094"><ele>135.5</ele><time>2026-07-11T11:49:20Z</time></trkpt>
<trkpt lat="46.939380" lon="17.892038"><ele>135.7</ele><time>2026-07-11T11:49:40Z</time></trkpt>
<trkpt lat="46.939178" lon="17.891981"><ele>136.3</ele><time>2026-07-11T11:50Z</time></trkpt>
<trkpt lat="46.938974" lon="17.891924"><ele>135.6</ele><time>2026-07-11T11:50:20Z</time></trkpt>
<trkpt lat="46.938768" lon="17.891866"><ele>136.3</ele><time>2026-07-11T11:50:40Z</time></trkpt>
<trkpt lat="46.938561" lon="17.891808"><ele>136.3</ele><time>2026-07-11T11:51Z</time></trkpt>
<trkpt lat="46.938352" lon="17.891750"><ele>137.2</ele><time>2026-07-11T11:51:20Z</time></trkpt>
<trkpt lat="46.938141" lon="17.891691"><ele>137.2</ele><time>2026-07-11T11:51:40Z</time></trkpt>
<trkpt lat="46.937929" lon="17.891632"><ele>137.1</ele><time>2026-07-11T11:52Z</time></trkpt>
<trkpt lat="46.937716" lon="17.891573"><ele>137.4</ele><time>2026-07-11T11:52:20Z</time></trkpt>
<trkpt lat="46.937501" lon="17.891514"><ele>137.3</ele><time>2026-07-11T11:52:40Z</time></trkpt>
<trkpt lat="46.937284" lon="17.891455"><ele>137.2</ele><time>2026-07-11T11:53Z</time></trkpt>
<trkpt lat="46.937066" lon="17.891395"><ele>138.0</ele><time>2026-07-11T11:53:20Z</time></trkpt>
<trkpt lat="46.936846" lon="17.891336"><ele>137.9</ele><time>2026-07-11T11:53:40Z</time></trkpt>
<trkpt lat="46.936625" lon="17.891276"><ele>138.3</ele><time>2026-07-11T11:54Z</time></trkpt>
<trkpt lat="46.936402" lon="17.891217"><ele>138.0</ele><time>2026-07-11T11:54:20Z</time></trkpt>
<trkpt lat="46.936179" lon="17.891158"><ele>138.7</ele><time>2026-07-11T11:54:40Z</time></trkpt>
<trkpt lat="46.935953" lon="17.891099"><ele>139.0</ele><time>2026-07-11T11:55Z</time></trkpt>
<trkpt lat="46.935727" lon="17.891040"><ele>139.1</ele><time>2026-07-11T11:55:20Z</time></trkpt>
<trkpt lat="46.935499" lon="17.890981"><ele>138.6</ele><time>2026-07-11T11:55:40Z</time></trkpt>
<trkpt lat="46.935270" lon="17.890923"><ele>138.8</ele><time>2026-07-11T11:56Z</time></trkpt>
<trkpt lat="46.935040" lon="17.890864"><ele>139.6</ele><time>2026-07-11T11:56:20Z</time></trkpt>
<trkpt lat="46.934809" lon="17.890807"><ele>139.2</ele><time>2026-07-11T11:56:40Z</time></trkpt>
<trkpt lat="46.934576" lon="17.890749"><ele>139.0</ele><time>2026-07-11T11:57Z</time></trkpt>
<trkpt lat="46.934343" lon="17.890692"><ele>139.2</ele><time>2026-07-11T11:57:20Z</time></trkpt>
<trkpt lat="46.934108" lon="17.890636"><ele>139.3</ele><time>2026-07-11T11:57:40Z</time></trkpt>
<trkpt lat="46.933873" lon="17.890580"><ele>140.0</ele><time>2026-07-11T11:58Z</time></trkpt>
<trkpt lat="46.933636" lon="17.890524"><ele>139.9</ele><time>2026-07-11T11:58:20Z</time></trkpt>
<trkpt lat="46.933399" lon="17.890469"><ele>139.8</ele><time>2026-07-11T11:58:40Z</time></trkpt>
<trkpt lat="46.933161" lon="17.890415"><ele>139.9</ele><time>2026-07-11T11:59Z</time></trkpt>
<trkpt lat="46.932922" lon="17.890361"><ele>139.7</ele><time>2026-07-11T11:59:20Z</time></trkpt>
<trkpt lat="46.932683" lon="17.890308"><ele>140.4</ele><time>2026-07-11T11:59:40Z</time></trkpt>
<trkpt lat="46.932443" lon="17.890255"><ele>139.8</ele><time>2026-07-11T12:00Z</time></trkpt>
<trkpt lat="46.932202" lon="17.890204"><ele>139.9</ele><time>2026-07-11T12:00:20Z</time></trkpt>
<trkpt lat="46.931961" lon="17.890153"><ele>139.8</ele><time>2026-07-11T12:00:40Z</time></trkpt>
<trkpt lat="46.931719" lon="17.890103"><ele>139.9</ele><time>2026-07-11T12:01Z</time></trkpt>
<trkpt lat="46.931477" lon="17.890053"><ele>139.9</ele><time>2026-07-11T12:01:20Z</time></trkpt>
<trkpt lat="46.931234" lon="17.890005"><ele>140.4</ele><time>2026-07-11T12:01:40Z</time></trkpt>
<trkpt lat="46.930992" lon="17.889957"><ele>140.3</ele><time>2026-07-11T12:02Z</time></trkpt>
<trkpt lat="46.930749" lon="17.889911"><ele>140.6</ele><time>2026-07-11T12:02:20Z</time></trkpt>
<trkpt lat="46.930506" lon="17.889865"><ele>140.6</ele><time>2026-07-11T12:02:40Z</time></trkpt>
<trkpt lat="46.930262" lon="17.889820"><ele>140.0</ele><time>2026-07-11T12:03Z</time></trkpt>
<trkpt lat="46.930019" lon="17.889777"><ele>140.8</ele><time>2026-07-11T12:03:20Z</time></trkpt>
<trkpt lat="46.929776" lon="17.889734"><ele>140.4</ele><time>2026-07-11T12:03:40Z</time></trkpt>
<trkpt lat="46.929533" lon="17.889692"><ele>140.9</ele><time>2026-07-11T12:04Z</time></trkpt>
<trkpt lat="46.929290" lon="17.889651"><ele>140.8</ele><time>2026-07-11T12:04:20Z</time></trkpt>
<trkpt lat="46.929047" lon="17.889612"><ele>140.8</ele><time>2026-07-11T12:04:40Z</time></trkpt>
<trkpt lat="46.928804" lon="17.889573"><ele>140.8</ele><time>2026-07-11T12:05Z</time></trkpt>
<trkpt lat="46.928562" lon="17.889536"><ele>140.2</ele><time>2026-07-11T12:05:20Z</time></trkpt>
<trkpt lat="46.928320" lon="17.889500"><ele>140.1</ele><time>2026-07-11T12:05:40Z</time></trkpt>
<trkpt lat="46.928078" lon="17.889465"><ele>140.8</ele><time>2026-07-11T12:06Z</time></trkpt>
<trkpt lat="46.927838" lon="17.889431"><ele>140.5</ele><time>2026-07-11T12:06:20Z</time></trkpt>
<trkpt lat="46.927597" lon="17.889398"><ele>140.1</ele><time>2026-07-11T12:06:40Z</time></trkpt>
<trkpt lat="46.927357" lon="17.889366"><ele>139.8</ele><time>2026-07-11T12:07Z</time></trkpt>
<trkpt lat="46.927118" lon="17.889336"><ele>140.4</ele><time>2026-07-11T12:07:20Z</time></trkpt>
<trkpt lat="46.926880" lon="17.889306"><ele>140.0</ele><time>2026-07-11T12:07:40Z</time></trkpt>
<trkpt lat="46.926642" lon="17.889278"><ele>139.6</ele><time>2026-07-11T12:08Z</time></trkpt>
<trkpt lat="46.926405" lon="17.889251"><ele>139.7</ele><time>2026-07-11T12:08:20Z</time></trkpt>
<trkpt lat="46.926169" lon="17.889226"><ele>139.3</ele><time>2026-07-11T12:08:40Z</time></trkpt>
<trkpt lat="46.925934" lon="17.889201"><ele>139.2</ele><time>2026-07-11T12:09Z</time></trkpt>
<trkpt lat="46.925700" lon="17.889178"><ele>139.1</ele><time>2026-07-11T12:09:20Z</time></trkpt>
<trkpt lat="46.925467" lon="17.889156"><ele>139.2</ele><time>2026-07-11T12:09:40Z</time></trkpt>
<trkpt lat="46.925235" lon="17.889135"><ele>139.0</ele><time>2026-07-11T12:10Z</time></trkpt>
<trkpt lat="46.925004" lon="17.889115"><ele>139.3</ele><time>2026-07-11T12:10:20Z</time></trkpt>
<trkpt lat="46.924774" lon="17.889097"><ele>138.9</ele><time>2026-07-11T12:10:40Z</time></trkpt>
<trkpt lat="46.924545" lon="17.889079"><ele>139.2</ele><time>2026-07-11T12:11Z</time></trkpt>
<trkpt lat="46.924318" lon="17.889063"><ele>138.3</ele><time>2026-07-11T12:11:20Z</time></trkpt>
<trkpt lat="46.924092" lon="17.889048"><ele>138.4</ele><time>2026-07-11T12:11:40Z</time></trkpt>
<trkpt lat="46.923867" lon="17.889035"><ele>138.6</ele><time>2026-07-11T12:12Z</time></trkpt>
<trkpt lat="46.923643" lon="17.889022"><ele>138.5</ele><time>2026-07-11T12:12:20Z</time></trkpt>
<trkpt lat="46.923421" lon="17.889010"><ele>138.2</ele><time>2026-07-11T12:12:40Z</time></trkpt>
<trkpt lat="46.923200" lon="17.889000"><ele>138.0</ele><time>2026-07-11T12:13Z</time></trkpt>
<trkpt lat="46.922981" lon="17.888991"><ele>137.6</ele><time>2026-07-11T12:13:20Z</time></trkpt>
<trkpt lat="46.922763" lon="17.888982"><ele>137.8</ele><time>2026-07-11T12:13:40Z</time></trkpt>
<trkpt lat="46.922546" lon="17.888975"><ele>137.1</ele><time>2026-07-11T12:14Z</time></trkpt>
<trkpt lat="46.922331" lon="17.888969"><ele>137.5</ele><time>2026-07-11T12:14:20Z</time></trkpt>
<trkpt lat="46.922117" lon="17.888964"><ele>137.3</ele><time>2026-07-11T12:14:40Z</time></trkpt>
<trkpt lat="46.921905" lon="17.888960"><ele>136.3</ele><time>2026-07-11T12:15Z</time></trkpt>
<trkpt lat="46.921695" lon="17.888957"><ele>136.1</ele><time>2026-07-11T12:15:20Z</time></trkpt>
<trkpt lat="46.921485" lon="17.888955"><ele>136.4</ele><time>2026-07-11T12:15:40Z</time></trkpt>
<trkpt lat="46.921278" lon="17.888954"><ele>136.1</ele><time>2026-07-11T12:16Z</time></trkpt>
<trkpt lat="46.921072" lon="17.888953"><ele>135.9</ele><time>2026-07-11T12:16:20Z</time></trkpt>
<trkpt lat="46.920867" lon="17.888954"><ele>135.5</ele><time>2026-07-11T12:16:40Z</time></trkpt>
<trkpt lat="46.920664" lon="17.888955"><ele>135.7</ele><time>2026-07-11T12:17Z</time></trkpt>
<trkpt lat="46.920463" lon="17.888958"><ele>135.5</ele><time>2026-07-11T12:17:20Z</time></trkpt>
<trkpt lat="46.920263" lon="17.888961"><ele>135.4</ele><time>2026-07-11T12:17:40Z</time></trkpt>
<trkpt lat="46.920064" lon="17.888964"><ele>134.8</ele><time>2026-07-11T12:18Z</time></trkpt>
<trkpt lat="46.919867" lon="17.888969"><ele>134.1</ele><time>2026-07-11T12:18:20Z</time></trkpt>
<trkpt lat="46.919672" lon="17.888974"><ele>134.4</ele><time>2026-07-11T12:18:40Z</time></trkpt>
<trkpt lat="46.919478" lon="17.888980"><ele>134.3</ele><time>2026-07-11T12:19Z</time></trkpt>
<trkpt lat="46.919285" lon="17.888987"><ele>134.1</ele><time>2026-07-11T12:19:20Z</time></trkpt>
<trkpt lat="46.919094" lon="17.888994"><ele>133.7</ele><time>2026-07-11T12:19:40Z</time></trkpt>
<trkpt lat="46.918904" lon="17.889002"><ele>133.0</ele><time>2026-07-11T12:20Z</time></trkpt>
<trkpt lat="46.918716" lon="17.889010"><ele>132.5</ele><time>2026-07-11T12:20:20Z</time></trkpt>
<trkpt lat="46.918529" lon="17.889019"><ele>132.1</ele><time>2026-07-11T12:20:40Z</time></trkpt>
<trkpt lat="46.918344" lon="17.889028"><ele>132.4</ele><time>2026-07-11T12:21Z</time></trkpt>
<trkpt lat="46.918159" lon="17.889037"><ele>131.7</ele><time>2026-07-11T12:21:20Z</time></trkpt>
<trkpt lat="46.917976" lon="17.889047"><ele>131.8</ele><time>2026-07-11T12:21:40Z</time></trkpt>
<trkpt lat="46.917795" lon="17.889057"><ele>131.5</ele><time>2026-07-11T12:22Z</time></trkpt>
<trkpt lat="46.917614" lon="17.889068"><ele>131.0</ele><time>2026-07-11T12:22:20Z</time></trkpt>
<trkpt lat="46.917435" lon="17.889079"><ele>131.0</ele><time>2026-07-11T12:22:40Z</time></trkpt>
<trkpt lat="46.917257" lon="17.889090"><ele>129.9</ele><time>2026-07-11T12:23Z</time></trkpt>
<trkpt lat="46.917080" lon="17.889101"><ele>130.5</ele><time>2026-07-11T12:23:20Z</time></trkpt>
<trkpt lat="46.916904" lon="17.889112"><ele>129.8</ele><time>2026-07-11T12:23:40Z</time></trkpt>
<trkpt lat="46.916729" lon="17.889124"><ele>128.9</ele><time>2026-07-11T12:24Z</time></trkpt>
<trkpt lat="46.916555" lon="17.889135"><ele>129.1</ele><time>2026-07-11T12:24:20Z</time></trkpt>
<trkpt lat="46.916383" lon="17.889147"><ele>129.2</ele><time>2026-07-11T12:24:40Z</time></trkpt>
<trkpt lat="46.916210" lon="17.889158"><ele>128.7</ele><time>2026-07-11T12:25Z</time></trkpt>
<trkpt lat="46.916039" lon="17.889170"><ele>127.7</ele><time>2026-07-11T12:25:20Z</time></trkpt>
<trkpt lat="46.915869" lon="17.889181"><ele>127.4</ele><time>2026-07-11T12:25:40Z</time></trkpt>
<trkpt lat="46.915699" lon="17.889192"><ele>127.7</ele><time>2026-07-11T12:26Z</time></trkpt>
<trkpt lat="46.915530" lon="17.889203"><ele>126.8</ele><time>2026-07-11T12:26:20Z</time></trkpt>
<trkpt lat="46.915362" lon="17.889214"><ele>127.0</ele><time>2026-07-11T12:26:40Z</time></trkpt>
<trkpt lat="46.915194" lon="17.889224"><ele>126.1</ele><time>2026-07-11T12:27Z</time></trkpt>
<trkpt lat="46.915027" lon="17.889235"><ele>125.6</ele><time>2026-07-11T12:27:20Z</time></trkpt>
<trkpt lat="46.914860" lon="17.889244"><ele>125.3</ele><time>2026-07-11T12:27:40Z</time></trkpt>
<trkpt lat="46.914693" lon="17.889254"><ele>125.6</ele><time>2026-07-11T12:28Z</time></trkpt>
<trkpt lat="46.914527" lon="17.889263"><ele>124.3</ele><time>2026-07-11T12:28:20Z</time></trkpt>
<trkpt lat="46.914361" lon="17.889271"><ele>124.7</ele><time>2026-07-11T12:28:40Z</time></trkpt>
<trkpt lat="46.914196" lon="17.889279"><ele>124.2</ele><time>2026-07-11T12:29Z</time></trkpt>
<trkpt lat="46.914030" lon="17.889287"><ele>123.4</ele><time>2026-07-11T12:29:20Z</time></trkpt>
<trkpt lat="46.913865" lon="17.889294"><ele>123.5</ele><time>2026-07-11T12:29:40Z</time></trkpt>
<trkpt lat="46.913700" lon="17.889300"><ele>130.1</ele><time>2026-07-11T12:30Z</time></trkpt>
<trkpt lat="46.913769" lon="17.889211"><ele>131.0</ele><time>2026-07-11T12:30:20Z</time></trkpt>
<trkpt lat="46.913840" lon="17.889121"><ele>131.2</ele><time>2026-07-11T12:30:40Z</time></trkpt>
<trkpt lat="46.913911" lon="17.889030"><ele>131.5</ele><time>2026-07-11T12:31Z</time></trkpt>
<trkpt lat="46.913983" lon="17.888938"><ele>132.7</ele><time>2026-07-11T12:31:20Z</time></trkpt>
<trkpt lat="46.914057" lon="17.888846"><ele>133.4</ele><time>2026-07-11T12:31:40Z</time></trkpt>
<trkpt lat="46.914130" lon="17.888752"><ele>133.4</ele><time>2026-07-11T12:32Z</time></trkpt>
<trkpt lat="46.914205" lon="17.888657"><ele>133.4</ele><time>2026-07-11T12:32:20Z</time></trkpt>
<trkpt lat="46.914280" lon="17.888561"><ele>134.3</ele><time>2026-07-11T12:32:40Z</time></trkpt>
<trkpt lat="46.914356" lon="17.888464"><ele>134.8</ele><time>2026-07-11T12:33Z</time></trkpt>
<trkpt lat="46.914431" lon="17.888365"><ele>135.4</ele><time>2026-07-11T12:33:20Z</time></trkpt>
<trkpt lat="46.914507" lon="17.888266"><ele>135.8</ele><time>2026-07-11T12:33:40Z</time></trkpt>
<trkpt lat="46.914584" lon="17.888165"><ele>135.9</ele><time>2026-07-11T12:34Z</time></trkpt>
<trkpt lat="46.914660" lon="17.888063"><ele>136.4</ele><time>2026-07-11T12:34:20Z</time></trkpt>
<trkpt lat="46.914736" lon="17.887960"><ele>136.5</ele><time>2026-07-11T12:34:40Z</time></trkpt>
<trkpt lat="46.914812" lon="17.887856"><ele>137.5</ele><time>2026-07-11T12:35Z</time></trkpt>
<trkpt lat="46.914887" lon="17.887750"><ele>137.3</ele><time>2026-07-11T12:35:20Z</time></trkpt>
<trkpt lat="46.914963" lon="17.887643"><ele>137.5</ele><time>2026-07-11T12:35:40Z</time></trkpt>
<trkpt lat="46.915037" lon="17.887535"><ele>138.4</ele><time>2026-07-11T12:36Z</time></trkpt>
<trkpt lat="46.915111" lon="17.887426"><ele>138.5</ele><time>2026-07-11T12:36:20Z</time></trkpt>
<trkpt lat="46.915185" lon="17.887315"><ele>138.4</ele><time>2026-07-11T12:36:40Z</time></trkpt>
<trkpt lat="46.915257" lon="17.887204"><ele>139.4</ele><time>2026-07-11T12:37Z</time></trkpt>
<trkpt lat="46.915329" lon="17.887091"><ele>139.1</ele><time>2026-07-11T12:37:20Z</time></trkpt>
<trkpt lat="46.915399" lon="17.886977"><ele>139.0</ele><time>2026-07-11T12:37:40Z</time></trkpt>
<trkpt lat="46.915469" lon="17.886862"><ele>140.0</ele><time>2026-07-11T12:38Z</time></trkpt>
<trkpt lat="46.915537" lon="17.886746"><ele>139.6</ele><time>2026-07-11T12:38:20Z</time></trkpt>
<trkpt lat="46.915604" lon="17.886629"><ele>140.1</ele><time>2026-07-11T12:38:40Z</time></trkpt>
<trkpt lat="46.915670" lon="17.886512"><ele>140.5</ele><time>2026-07-11T12:39Z</time></trkpt>
<trkpt lat="46.915734" lon="17.886393"><ele>140.6</ele><time>2026-07-11T12:39:20Z</time></trkpt>
<trkpt lat="46.915797" lon="17.886273"><ele>139.8</ele><time>2026-07-11T12:39:40Z</time></trkpt>
<trkpt lat="46.915858" lon="17.886153"><ele>140.2</ele><time>2026-07-11T12:40Z</time></trkpt>
<trkpt lat="46.915918" lon="17.886032"><ele>140.8</ele><time>2026-07-11T12:40:20Z</time></trkpt>
<trkpt lat="46.915977" lon="17.885910"><ele>140.9</ele><time>2026-07-11T12:40:40Z</time></trkpt>
<trkpt lat="46.916033" lon="17.885787"><ele>140.4</ele><time>2026-07-11T12:41Z</time></trkpt>
<trkpt lat="46.916089" lon="17.885664"><ele>140.3</ele><time>2026-07-11T12:41:20Z</time></trkpt>
<trkpt lat="46.916142" lon="17.885541"><ele>140.3</ele><time>2026-07-11T12:41:40Z</time></trkpt>
<trkpt lat="46.916194" lon="17.885417"><ele>140.3</ele><time>2026-07-11T12:42Z</time></trkpt>
<trkpt lat="46.916244" lon="17.885293"><ele>140.6</ele><time>2026-07-11T12:42:20Z</time></trkpt>
<trkpt lat="46.916293" lon="17.885169"><ele>139.9</ele><time>2026-07-11T12:42:40Z</time></trkpt>
<trkpt lat="46.916340" lon="17.885044"><ele>140.6</ele><time>2026-07-11T12:43Z</time></trkpt>
<trkpt lat="46.916385" lon="17.884919"><ele>140.2</ele><time>2026-07-11T12:43:20Z</time></trkpt>
<trkpt lat="46.916429" lon="17.884795"><ele>140.4</ele><time>2026-07-11T12:43:40Z</time></trkpt>
<trkpt lat="46.916471" lon="17.884670"><ele>140.1</ele><time>2026-07-11T12:44Z</time></trkpt>
<trkpt lat="46.916512" lon="17.884545"><ele>140.1</ele><time>2026-07-11T12:44:20Z</time></trkpt>
<trkpt lat="46.916551" lon="17.884421"><ele>139.2</ele><time>2026-07-11T12:44:40Z</time></trkpt>
<trkpt lat="46.916589" lon="17.884297"><ele>139.2</ele><time>2026-07-11T12:45Z</time></trkpt>
<trkpt lat="46.916626" lon="17.884173"><ele>139.5</ele><time>2026-07-11T12:45:20Z</time></trkpt>
<trkpt lat="46.916661" lon="17.884049"><ele>138.9</ele><time>2026-07-11T12:45:40Z</time></trkpt>
<trkpt lat="46.916695" lon="17.883926"><ele>139.2</ele><time>2026-07-11T12:46Z</time></trkpt>
<trkpt lat="46.916729" lon="17.883804"><ele>138.4</ele><time>2026-07-11T12:46:20Z</time></trkpt>
<trkpt lat="46.916761" lon="17.883682"><ele>137.9</ele><time>2026-07-11T12:46:40Z</time></trkpt>
<trkpt lat="46.916792" lon="17.883561"><ele>137.4</ele><time>2026-07-11T12:47Z</time></trkpt>
<trkpt lat="46.916822" lon="17.883441"><ele>137.7</ele><time>2026-07-11T12:47:20Z</time></trkpt>
<trkpt lat="46.916852" lon="17.883321"><ele>137.6</ele><time>2026-07-11T12:47:40Z</time></trkpt>
<trkpt lat="46.916881" lon="17.883202"><ele>136.4</ele><time>2026-07-11T12:48Z</time></trkpt>
<trkpt lat="46.916909" lon="17.883084"><ele>136.7</ele><time>2026-07-11T12:48:20Z</time></trkpt>
<trkpt lat="46.916937" lon="17.882967"><ele>135.6</ele><time>2026-07-11T12:48:40Z</time></trkpt>
<trkpt lat="46.916965" lon="17.882851"><ele>135.6</ele><time>2026-07-11T12:49Z</time></trkpt>
<trkpt lat="46.916992" lon="17.882736"><ele>135.8</ele><time>2026-07-11T12:49:20Z</time></trkpt>
<trkpt lat="46.917020" lon="17.882622"><ele>135.1</ele><time>2026-07-11T12:49:40Z</time></trkpt>
<trkpt lat="46.917047" lon="17.882510"><ele>134.5</ele><time>2026-07-11T12:50Z</time></trkpt>
<trkpt lat="46.917075" lon="17.882398"><ele>134.2</ele><time>2026-07-11T12:50:20Z</time></trkpt>
<trkpt lat="46.917103" lon="17.882288"><ele>133.5</ele><time>2026-07-11T12:50:40Z</time></trkpt>
<trkpt lat="46.917131" lon="17.882179"><ele>132.8</ele><time>2026-07-11T12:51Z</time></trkpt>
<trkpt lat="46.917159" lon="17.882071"><ele>132.4</ele><time>2026-07-11T12:51:20Z</time></trkpt>
<trkpt lat="46.917188" lon="17.881964"><ele>131.7</ele><time>2026-07-11T12:51:40Z</time></trkpt>
<trkpt lat="46.917218" lon="17.881858"><ele>131.6</ele><time>2026-07-11T12:52Z</time></trkpt>
<trkpt lat="46.917249" lon="17.881754"><ele>131.0</ele><time>2026-07-11T12:52:20Z</time></trkpt>
<trkpt lat="46.917280" lon="17.881651"><ele>130.8</ele><time>2026-07-11T12:52:40Z</time></trkpt>
<trkpt lat="46.917313" lon="17.881550"><ele>129.6</ele><time>2026-07-11T12:53Z</time></trkpt>
<trkpt lat="46.917346" lon="17.881449"><ele>129.3</ele><time>2026-07-11T12:53:20Z</time></trkpt>
<trkpt lat="46.917381" lon="17.881350"><ele>128.7</ele><time>2026-07-11T12:53:40Z</time></trkpt>
<trkpt lat="46.917416" lon="17.881252"><ele>127.9</ele><time>2026-07-11T12:54Z</time></trkpt>
<trkpt lat="46.917453" lon="17.881155"><ele>127.8</ele><time>2026-07-11T12:54:20Z</time></trkpt>
<trkpt lat="46.917492" lon="17.881060"><ele>127.1</ele><time>2026-07-11T12:54:40Z</time></trkpt>
<trkpt lat="46.917532" lon="17.880965"><ele>125.7</ele><time>2026-07-11T12:55Z</time></trkpt>
<trkpt lat="46.917573" lon="17.880872"><ele>126.0</ele><time>2026-07-11T12:55:20Z</time></trkpt>
<trkpt lat="46.917616" lon="17.880780"><ele>125.2</ele><time>2026-07-11T12:55:40Z</time></trkpt>
<trkpt lat="46.917660" lon="17.880688"><ele>124.5</ele><time>2026-07-11T12:56Z</time></trkpt>
<trkpt lat="46.917706" lon="17.880598"><ele>123.7</ele><time>2026-07-11T12:56:20Z</time></trkpt>
<trkpt lat="46.917753" lon="17.880509"><ele>122.8</ele><time>2026-07-11T12:56:40Z</time></trkpt>
<trkpt lat="46.917803" lon="17.880421"><ele>122.1</ele><time>2026-07-11T12:57Z</time></trkpt>
<trkpt lat="46.917853" lon="17.880333"><ele>121.4</ele><time>2026-07-11T12:57:20Z</time></trkpt>
<trkpt lat="46.917906" lon="17.880247"><ele>120.8</ele><time>2026-07-11T12:57:40Z</time></trkpt>
<trkpt lat="46.917960" lon="17.880161"><ele>119.7</ele><time>2026-07-11T12:58Z</time></trkpt>
<trkpt lat="46.918016" lon="17.880076"><ele>118.9</ele><time>2026-07-11T12:58:20Z</time></trkpt>
<trkpt lat="46.918073" lon="17.879991"><ele>118.3</ele><time>2026-07-11T12:58:40Z</time></trkpt>
<trkpt lat="46.918132" lon="17.879907"><ele>118.1</ele><time>2026-07-11T12:59Z</time></trkpt>
<trkpt lat="46.918192" lon="17.879824"><ele>117.7</ele><time>2026-07-11T12:59:20Z</time></trkpt>
<trkpt lat="46.918254" lon="17.879741"><ele>116.6</ele><time>2026-07-11T12:59:40Z</time></trkpt>
<trkpt lat="46.918318" lon="17.879658"><ele>115.6</ele><time>2026-07-11T13:00Z</time></trkpt>
<trkpt lat="46.918383" lon="17.879576"><ele>115.2</ele><time>2026-07-11T13:00:20Z</time></trkpt>
<trkpt lat="46.918449" lon="17.879493"><ele>114.1</ele><time>2026-07-11T13:00:40Z</time></trkpt>
<trkpt lat="46.918517" lon="17.879411"><ele>113.9</ele><time>2026-07-11T13:01Z</time></trkpt>
<trkpt lat="46.918586" lon="17.879329"><ele>113.1</ele><time>2026-07-11T13:01:20Z</time></trkpt>
<trkpt lat="46.918656" lon="17.879247"><ele>112.4</ele><time>2026-07-11T13:01:40Z</time></trkpt>
<trkpt lat="46.918727" lon="17.879165"><ele>111.2</ele><time>2026-07-11T13:02Z</time></trkpt>
<trkpt lat="46.918799" lon="17.879083"><ele>110.3</ele><time>2026-07-11T13:02:20Z</time></trkpt>
<trkpt lat="46.918872" lon="17.879000"><ele>109.3</ele><time>2026-07-11T13:02:40Z</time></trkpt>
<trkpt lat="46.918946" lon="17.878917"><ele>108.5</ele><time>2026-07-11T13:03Z</time></trkpt>
<trkpt lat="46.919020" lon="17.878834"><ele>108.5</ele><time>2026-07-11T13:03:20Z</time></trkpt>
<trkpt lat="46.919096" lon="17.878750"><ele>107.7</ele><time>2026-07-11T13:03:40Z</time></trkpt>
<trkpt lat="46.919171" lon="17.878666"><ele>106.8</ele><time>2026-07-11T13:04Z</time></trkpt>
<trkpt lat="46.919247" lon="17.878581"><ele>106.0</ele><time>2026-07-11T13:04:20Z</time></trkpt>
<trkpt lat="46.919324" lon="17.878496"><ele>105.7</ele><time>2026-07-11T13:04:40Z</time></trkpt>
<trkpt lat="46.919400" lon="17.878410"><ele>104.9</ele><time>2026-07-11T13:05Z</time></trkpt>
<trkpt lat="46.919477" lon="17.878323"><ele>103.8</ele><time>2026-07-11T13:05:20Z</time></trkpt>
<trkpt lat="46.919553" lon="17.878235"><ele>103.0</ele><time>2026-07-11T13:05:40Z</time></trkpt>
<trkpt lat="46.919630" lon="17.878146"><ele>102.3</ele><time>2026-07-11T13:06Z</time></trkpt>
<trkpt lat="46.919706" lon="17.878057"><ele>101.6</ele><time>2026-07-11T13:06:20Z</time></trkpt>
<trkpt lat="46.919782" lon="17.877966"><ele>101.4</ele><time>2026-07-11T13:06:40Z</time></trkpt>
<trkpt lat="46.919857" lon="17.877875"><ele>100.6</ele><time>2026-07-11T13:07Z</time></trkpt>
<trkpt lat="46.919932" lon="17.877782"><ele>99.9</ele><time>2026-07-11T13:07:20Z</time></trkpt>
<trkpt lat="46.920006" lon="17.877688"><ele>98.9</ele><time>2026-07-11T13:07:40Z</time></trkpt>
<trkpt lat="46.920080" lon="17.877594"><ele>98.3</ele><time>2026-07-11T13:08Z</time></trkpt>
<trkpt lat="46.920153" lon="17.877498"><ele>97.9</ele><time>2026-07-11T13:08:20Z</time></trkpt>
<trkpt lat="46.920224" lon="17.877401"><ele>96.9</ele><time>2026-07-11T13:08:40Z</time></trkpt>
<trkpt lat="46.920295" lon="17.877302"><ele>95.7</ele><time>2026-07-11T13:09Z</time></trkpt>
<trkpt lat="46.920364" lon="17.877203"><ele>95.0</ele><time>2026-07-11T13:09:20Z</time></trkpt>
<trkpt lat="46.920433" lon="17.877102"><ele>95.1</ele><time>2026-07-11T13:09:40Z</time></trkpt>
<trkpt lat="46.920500" lon="17.877000"><ele>139.7</ele><time>2026-07-11T13:10Z</time></trkpt>
<trkpt lat="46.920487" lon="17.877029"><ele>140.0</ele><time>2026-07-11T13:10:20Z</time></trkpt>
<trkpt lat="46.920475" lon="17.877057"><ele>140.0</ele><time>2026-07-11T13:10:40Z</time></trkpt>
<trkpt lat="46.920462" lon="17.877086"><ele>139.8</ele><time>2026-07-11T13:11Z</time></trkpt>
<trkpt lat="46.920449" lon="17.877114"><ele>140.0</ele><time>2026-07-11T13:11:20Z</time></trkpt>
<trkpt lat="46.920437" lon="17.877143"><ele>140.3</ele><time>2026-07-11T13:11:40Z</time></trkpt>
<trkpt lat="46.920424" lon="17.877171"><ele>140.4</ele><time>2026-07-11T13:12Z</time></trkpt>
<trkpt lat="46.920411" lon="17.877199"><ele>140.1</ele><time>2026-07-11T13:12:20Z</time></trkpt>
<trkpt lat="46.920399" lon="17.877227"><ele>140.2</ele><time>2026-07-11T13:12:40Z</time></trkpt>
<trkpt lat="46.920386" lon="17.877255"><ele>139.7</ele><time>2026-07-11T13:13Z</time></trkpt>
<trkpt lat="46.920373" lon="17.877283"><ele>139.6</ele><time>2026-07-11T13:13:20Z</time></trkpt>
<trkpt lat="46.920360" lon="17.877311"><ele>140.3</ele><time>2026-07-11T13:13:40Z</time></trkpt>
<trkpt lat="46.920347" lon="17.877339"><ele>140.3</ele><time>2026-07-11T13:14Z</time></trkpt>
<trkpt lat="46.920334" lon="17.877367"><ele>139.8</ele><time>2026-07-11T13:14:20Z</time></trkpt>
<trkpt lat="46.920322" lon="17.877395"><ele>140.2</ele><time>2026-07-11T13:14:40Z</time></trkpt>
<trkpt lat="46.920309" lon="17.877423"><ele>139.7</ele><time>2026-07-11T13:15Z</time></trkpt>
<trkpt lat="46.920296" lon="17.877450"><ele>140.1</ele><time>2026-07-11T13:15:20Z</time></trkpt>
<trkpt lat="46.920283" lon="17.877478"><ele>140.0</ele><time>2026-07-11T13:15:40Z</time></trkpt>
<trkpt lat="46.920270" lon="17.877505"><ele>139.7</ele><time>2026-07-11T13:16Z</time></trkpt>
<trkpt lat="46.920257" lon="17.877533"><ele>139.6</ele><time>2026-07-11T13:16:20Z</time></trkpt>
<trkpt lat="46.920244" lon="17.877560"><ele>139.4</ele><time>2026-07-11T13:16:40Z</time></trkpt>
<trkpt lat="46.920231" lon="17.877588"><ele>139.7</ele><time>2026-07-11T13:17Z</time></trkpt>
<trkpt lat="46.920217" lon="17.877615"><ele>139.8</ele><time>2026-07-11T13:17:20Z</time></trkpt>
<trkpt lat="46.920204" lon="17.877642"><ele>139.8</ele><time>2026-07-11T13:17:40Z</time></trkpt>
<trkpt lat="46.920191" lon="17.877669"><ele>139.7</ele><time>2026-07-11T13:18Z</time></trkpt>
<trkpt lat="46.920178" lon="17.877696"><ele>139.6</ele><time>2026-07-11T13:18:20Z</time></trkpt>
<trkpt lat="46.920165" lon="17.877723"><ele>139.6</ele><time>2026-07-11T13:18:40Z</time></trkpt>
<trkpt lat="46.920151" lon="17.877750"><ele>139.7</ele><time>2026-07-11T13:19Z</time></trkpt>
<trkpt lat="46.920138" lon="17.877777"><ele>139.3</ele><time>2026-07-11T13:19:20Z</time></trkpt>
<trkpt lat="46.920124" lon="17.877804"><ele>138.9</ele><time>2026-07-11T13:19:40Z</time></trkpt>
<trkpt lat="46.920111" lon="17.877831"><ele>138.9</ele><time>2026-07-11T13:20Z</time></trkpt>
<trkpt lat="46.920098" lon="17.877858"><ele>139.4</ele><time>2026-07-11T13:20:20Z</time></trkpt>
<trkpt lat="46.920084" lon="17.877884"><ele>138.8</ele><time>2026-07-11T13:20:40Z</time></trkpt>
<trkpt lat="46.920070" lon="17.877911"><ele>139.4</ele><time>2026-07-11T13:21Z</time></trkpt>
<trkpt lat="46.920057" lon="17.877937"><ele>139.0</ele><time>2026-07-11T13:21:20Z</time></trkpt>
<trkpt lat="46.920043" lon="17.877964"><ele>138.8</ele><time>2026-07-11T13:21:40Z</time></trkpt>
<trkpt lat="46.920029" lon="17.877990"><ele>139.5</ele><time>2026-07-11T13:22Z</time></trkpt>
<trkpt lat="46.920016" lon="17.878017"><ele>138.7</ele><time>2026-07-11T13:22:20Z</time></trkpt>
<trkpt lat="46.920002" lon="17.878043"><ele>139.4</ele><time>2026-07-11T13:22:40Z</time></trkpt>
<trkpt lat="46.919988" lon="17.878069"><ele>138.5</ele><time>2026-07-11T13:23Z</time></trkpt>
<trkpt lat="46.919974" lon="17.878096"><ele>139.4</ele><time>2026-07-11T13:23:20Z</time></trkpt>
<trkpt lat="46.919960" lon="17.878122"><ele>139.1</ele><time>2026-07-11T13:23:40Z</time></trkpt>
<trkpt lat="46.919946" lon="17.878148"><ele>138.4</ele><time>2026-07-11T13:24Z</time></trkpt>
<trkpt lat="46.919932" lon="17.878174"><ele>138.5</ele><time>2026-07-11T13:24:20Z</time></trkpt>
<trkpt lat="46.919918" lon="17.878200"><ele>139.0</ele><time>2026-07-11T13:24:40Z</time></trkpt>
<trkpt lat="46.919904" lon="17.878226"><ele>138.6</ele><time>2026-07-11T13:25Z</time></trkpt>
<trkpt lat="46.919889" lon="17.878252"><ele>138.2</ele><time>2026-07-11T13:25:20Z</time></trkpt>
<trkpt lat="46.919875" lon="17.878277"><ele>138.7</ele><time>2026-07-11T13:25:40Z</time></trkpt>
<trkpt lat="46.919861" lon="17.878303"><ele>138.1</ele><time>2026-07-11T13:26Z</time></trkpt>
<trkpt lat="46.919846" lon="17.878329"><ele>138.5</ele><time>2026-07-11T13:26:20Z</time></trkpt>
<trkpt lat="46.919832" lon="17.878355"><ele>138.3</ele><time>2026-07-11T13:26:40Z</time></trkpt>
<trkpt lat="46.919817" lon="17.878380"><ele>138.6</ele><time>2026-07-11T13:27Z</time></trkpt>
<trkpt lat="46.919803" lon="17.878406"><ele>138.4</ele><time>2026-07-11T13:27:20Z</time></trkpt>
<trkpt lat="46.919788" lon="17.878431"><ele>137.7</ele><time>2026-07-11T13:27:40Z</time></trkpt>
<trkpt lat="46.919773" lon="17.878457"><ele>138.2</ele><time>2026-07-11T13:28Z</time></trkpt>
<trkpt lat="46.919759" lon="17.878482"><ele>137.8</ele><time>2026-07-11T13:28:20Z</time></trkpt>
<trkpt lat="46.919744" lon="17.878508"><ele>137.6</ele><time>2026-07-11T13:28:40Z</time></trkpt>
<trkpt lat="46.919729" lon="17.878533"><ele>137.7</ele><time>2026-07-11T13:29Z</time></trkpt>
<trkpt lat="46.919714" lon="17.878558"><ele>138.4</ele><time>2026-07-11T13:29:20Z</time></trkpt>
<trkpt lat="46.919699" lon="17.878583"><ele>138.1</ele><time>2026-07-11T13:29:40Z</time></trkpt>
<trkpt lat="46.919684" lon="17.878609"><ele>137.8</ele><time>2026-07-11T13:30Z</time></trkpt>
<trkpt lat="46.919668" lon="17.878634"><ele>137.8</ele><time>2026-07-11T13:30:20Z</time></trkpt>
<trkpt lat="46.919653" lon="17.878659"><ele>137.6</ele><time>2026-07-11T13:30:40Z</time></trkpt>
<trkpt lat="46.919638" lon="17.878684"><ele>138.1</ele><time>2026-07-11T13:31Z</time></trkpt>
<trkpt lat="46.919622" lon="17.878709"><ele>138.0</ele><time>2026-07-11T13:31:20Z</time></trkpt>
<trkpt lat="46.919607" lon="17.878734"><ele>137.4</ele><time>2026-07-11T13:31:40Z</time></trkpt>
<trkpt lat="46.919591" lon="17.878759"><ele>137.1</ele><time>2026-07-11T13:32Z</time></trkpt>
<trkpt lat="46.919576" lon="17.878784"><ele>137.1</ele><time>2026-07-11T13:32:20Z</time></trkpt>
<trkpt lat="46.919560" lon="17.878808"><ele>137.8</ele><time>2026-07-11T13:32:40Z</time></trkpt>
<trkpt lat="46.919544" lon="17.878833"><ele>136.9</ele><time>2026-07-11T13:33Z</time></trkpt>
<trkpt lat="46.919528" lon="17.878858"><ele>137.0</ele><time>2026-07-11T13:33:20Z</time></trkpt>
<trkpt lat="46.919513" lon="17.878883"><ele>137.2</ele><time>2026-07-11T13:33:40Z</time></trkpt>
<trkpt lat="46.919497" lon="17.878907"><ele>137.4</ele><time>2026-07-11T13:34Z</time></trkpt>
<trkpt lat="46.919480" lon="17.878932"><ele>136.7</ele><time>2026-07-11T13:34:20Z</time></trkpt>
<trkpt lat="46.919464" lon="17.878957"><ele>136.6</ele><time>2026-07-11T13:34:40Z</time></trkpt>
<trkpt lat="46.919448" lon="17.878981"><ele>136.8</ele><time>2026-07-11T13:35Z</time></trkpt>
<trkpt lat="46.919432" lon="17.879006"><ele>137.1</ele><time>2026-07-11T13:35:20Z</time></trkpt>
<trkpt lat="46.919415" lon="17.879030"><ele>136.9</ele><time>2026-07-11T13:35:40Z</time></trkpt>
<trkpt lat="46.919399" lon="17.879055"><ele>136.9</ele><time>2026-07-11T13:36Z</time></trkpt>
<trkpt lat="46.919383" lon="17.879079"><ele>137.0</ele><time>2026-07-11T13:36:20Z</time></trkpt>
<trkpt lat="46.919366" lon="17.879103"><ele>137.0</ele><time>2026-07-11T13:36:40Z</time></trkpt>
<trkpt lat="46.919349" lon="17.879128"><ele>136.9</ele><time>2026-07-11T13:37Z</time></trkpt>
<trkpt lat="46.919332" lon="17.879152"><ele>136.0</ele><time>2026-07-11T13:37:20Z</time></trkpt>
<trkpt lat="46.919316" lon="17.879176"><ele>136.6</ele><time>2026-07-11T13:37:40Z</time></trkpt>
<trkpt lat="46.919299" lon="17.879201"><ele>136.5</ele><time>2026-07-11T13:38Z</time></trkpt>
<trkpt lat="46.919282" lon="17.879225"><ele>136.6</ele><time>2026-07-11T13:38:20Z</time></trkpt>
<trkpt lat="46.919265" lon="17.879249"><ele>136.1</ele><time>2026-07-11T13:38:40Z</time></trkpt>
<trkpt lat="46.919247" lon="17.879273"><ele>136.3</ele><time>2026-07-11T13:39Z</time></trkpt>
<trkpt lat="46.919230" lon="17.879297"><ele>136.0</ele><time>2026-07-11T13:39:20Z</time></trkpt>
<trkpt lat="46.919213" lon="17.879321"><ele>136.2</ele><time>2026-07-11T13:39:40Z</time></trkpt>
<trkpt lat="46.919195" lon="17.879345"><ele>136.1</ele><time>2026-07-11T13:40Z</time></trkpt>
<trkpt lat="46.919178" lon="17.879369"><ele>136.3</ele><time>2026-07-11T13:40:20Z</time></trkpt>
<trkpt lat="46.919160" lon="17.879393"><ele>135.3</ele><time>2026-07-11T13:40:40Z</time></trkpt>
<trkpt lat="46.919143" lon="17.879417"><ele>135.9</ele><time>2026-07-11T13:41Z</time></trkpt>
<trkpt lat="46.919125" lon="17.879441"><ele>135.1</ele><time>2026-07-11T13:41:20Z</time></trkpt>
<trkpt lat="46.919107" lon="17.879465"><ele>135.6</ele><time>2026-07-11T13:41:40Z</time></trkpt>
<trkpt lat="46.919089" lon="17.879489"><ele>135.2</ele><time>2026-07-11T13:42Z</time></trkpt>
<trkpt lat="46.919071" lon="17.879513"><ele>135.5</ele><time>2026-07-11T13:42:20Z</time></trkpt>
<trkpt lat="46.919053" lon="17.879537"><ele>134.9</ele><time>2026-07-11T13:42:40Z</time></trkpt>
<trkpt lat="46.919035" lon="17.879561"><ele>135.4</ele><time>2026-07-11T13:43Z</time></trkpt>
<trkpt lat="46.919017" lon="17.879585"><ele>135.3</ele><time>2026-07-11T13:43:20Z</time></trkpt>
<trkpt lat="46.918998" lon="17.879608"><ele>134.7</ele><time>2026-07-11T13:43:40Z</time></trkpt>
<trkpt lat="46.918980" lon="17.879632"><ele>135.1</ele><time>2026-07-11T13:44Z</time></trkpt>
<trkpt lat="46.918961" lon="17.879656"><ele>135.0</ele><time>2026-07-11T13:44:20Z</time></trkpt>
<trkpt lat="46.918943" lon="17.879680"><ele>134.3</ele><time>2026-07-11T13:44:40Z</time></trkpt>
<trkpt lat="46.918924" lon="17.879703"><ele>134.8</ele><time>2026-07-11T13:45Z</time></trkpt>
<trkpt lat="46.918905" lon="17.879727"><ele>134.9</ele><time>2026-07-11T13:45:20Z</time></trkpt>
<trkpt lat="46.918886" lon="17.879751"><ele>134.7</ele><time>2026-07-11T13:45:40Z</time></trkpt>
<trkpt lat="46.918867" lon="17.879774"><ele>134.7</ele><time>2026-07-11T13:46Z</time></trkpt>
<trkpt lat="46.918848" lon="17.879798"><ele>134.6</ele><time>2026-07-11T13:46:20Z</time></trkpt>
<trkpt lat="46.918829" lon="17.879822"><ele>134.5</ele><time>2026-07-11T13:46:40Z</time></trkpt>
<trkpt lat="46.918810" lon="17.879845"><ele>133.8</ele><time>2026-07-11T13:47Z</time></trkpt>
<trkpt lat="46.918791" lon="17.879869"><ele>134.0</ele><time>2026-07-11T13:47:20Z</time></trkpt>
<trkpt lat="46.918771" lon="17.879893"><ele>133.9</ele><time>2026-07-11T13:47:40Z</time></trkpt>
<trkpt lat="46.918752" lon="17.879916"><ele>134.4</ele><time>2026-07-11T13:48Z</time></trkpt>
<trkpt lat="46.918732" lon="17.879940"><ele>133.4</ele><time>2026-07-11T13:48:20Z</time></trkpt>
<trkpt lat="46.918713" lon="17.879963"><ele>133.2</ele><time>2026-07-11T13:48:40Z</time></trkpt>
<trkpt lat="46.918693" lon="17.879987"><ele>133.4</ele><time>2026-07-11T13:49Z</time></trkpt>
<trkpt lat="46.918673" lon="17.880010"><ele>133.8</ele><time>2026-07-11T13:49:20Z</time></trkpt>
<trkpt lat="46.918653" lon="17.880034"><ele>133.9</ele><time>2026-07-11T13:49:40Z</time></trkpt>
<trkpt lat="46.918633" lon="17.880058"><ele>133.8</ele><time>2026-07-11T13:50Z</time></trkpt>
<trkpt lat="46.918613" lon="17.880081"><ele>133.4</ele><time>2026-07-11T13:50:20Z</time></trkpt>
<trkpt lat="46.918593" lon="17.880105"><ele>133.1</ele><time>2026-07-11T13:50:40Z</time></trkpt>
<trkpt lat="46.918573" lon="17.880128"><ele>133.3</ele><time>2026-07-11T13:51Z</time></trkpt>
<trkpt lat="46.918553" lon="17.880152"><ele>132.7</ele><time>2026-07-11T13:51:20Z</time></trkpt>
<trkpt lat="46.918532" lon="17.880175"><ele>132.6</ele><time>2026-07-11T13:51:40Z</time></trkpt>
<trkpt lat="46.918512" lon="17.880199"><ele>132.5</ele><time>2026-07-11T13:52Z</time></trkpt>
<trkpt lat="46.918491" lon="17.880222"><ele>132.7</ele><time>2026-07-11T13:52:20Z</time></trkpt>
<trkpt lat="46.918470" lon="17.880246"><ele>132.2</ele><time>2026-07-11T13:52:40Z</time></trkpt>
<trkpt lat="46.918450" lon="17.880269"><ele>132.4</ele><time>2026-07-11T13:53Z</time></trkpt>
<trkpt lat="46.918429" lon="17.880293"><ele>132.9</ele><time>2026-07-11T13:53:20Z</time></trkpt>
<trkpt lat="46.918408" lon="17.880316"><ele>131.9</ele><time>2026-07-11T13:53:40Z</time></trkpt>
<trkpt lat="46.918387" lon="17.880340"><ele>132.4</ele><time>2026-07-11T13:54Z</time></trkpt>
<trkpt lat="46.918366" lon="17.880363"><ele>132.2</ele><time>2026-07-11T13:54:20Z</time></trkpt>
<trkpt lat="46.918345" lon="17.880387"><ele>132.3</ele><time>2026-07-11T13:54:40Z</time></trkpt>
<trkpt lat="46.918323" lon="17.880411"><ele>132.3</ele><time>2026-07-11T13:55Z</time></trkpt>
<trkpt lat="46.918302" lon="17.880434"><ele>132.3</ele><time>2026-07-11T13:55:20Z</time></trkpt>
<trkpt lat="46.918281" lon="17.880458"><ele>132.1</ele><time>2026-07-11T13:55:40Z</time></trkpt>
<trkpt lat="46.918259" lon="17.880481"><ele>132.0</ele><time>2026-07-11T13:56Z</time></trkpt>
<trkpt lat="46.918237" lon="17.880505"><ele>131.6</ele><time>2026-07-11T13:56:20Z</time></trkpt>
<trkpt lat="46.918216" lon="17.880528"><ele>131.0</ele><time>2026-07-11T13:56:40Z</time></trkpt>
<trkpt lat="46.918194" lon="17.880552"><ele>130.9</ele><time>2026-07-11T13:57Z</time></trkpt>
<trkpt lat="46.918172" lon="17.880576"><ele>131.6</ele><time>2026-07-11T13:57:20Z</time></trkpt>
<trkpt lat="46.918150" lon="17.880599"><ele>131.4</ele><time>2026-07-11T13:57:40Z</time></trkpt>
<trkpt lat="46.918128" lon="17.880623"><ele>131.1</ele><time>2026-07-11T13:58Z</time></trkpt>
<trkpt lat="46.918106" lon="17.880646"><ele>130.9</ele><time>2026-07-11T13:58:20Z</time></trkpt>
<trkpt lat="46.918084" lon="17.880670"><ele>131.3</ele><time>2026-07-11T13:58:40Z</time></trkpt>
<trkpt lat="46.918062" lon="17.880694"><ele>130.6</ele><time>2026-07-11T13:59Z</time></trkpt>
<trkpt lat="46.918040" lon="17.880717"><ele>130.2</ele><time>2026-07-11T13:59:20Z</time></trkpt>
<trkpt lat="46.918017" lon="17.880741"><ele>131.0</ele><time>2026-07-11T13:59:40Z</time></trkpt>
<trkpt lat="46.917995" lon="17.880765"><ele>130.7</ele><time>2026-07-11T14:00Z</time></trkpt>
<trkpt lat="46.917972" lon="17.880789"><ele>130.2</ele><time>2026-07-11T14:00:20Z</time></trkpt>
<trkpt lat="46.917950" lon="17.880812"><ele>130.2</ele><time>2026-07-11T14:00:40Z</time></trkpt>
<trkpt lat="46.917927" lon="17.880836"><ele>129.9</ele><time>2026-07-11T14:01Z</time></trkpt>
<trkpt lat="46.917904" lon="17.880860"><ele>129.6</ele><time>2026-07-11T14:01:20Z</time></trkpt>
<trkpt lat="46.917881" lon="17.880884"><ele>130.0</ele><time>2026-07-11T14:01:40Z</time></trkpt>
<trkpt lat="46.917858" lon="17.880907"><ele>129.9</ele><time>2026-07-11T14:02Z</time></trkpt>
<trkpt lat="46.917835" lon="17.880931"><ele>129.4</ele><time>2026-07-11T14:02:20Z</time></trkpt>
<trkpt lat="46.917812" lon="17.880955"><ele>129.9</ele><time>2026-07-11T14:02:40Z</time></trkpt>
<trkpt lat="46.917789" lon="17.880979"><ele>129.6</ele><time>2026-07-11T14:03Z</time></trkpt>
<trkpt lat="46.917766" lon="17.881003"><ele>129.8</ele><time>2026-07-11T14:03:20Z</time></trkpt>
<trkpt lat="46.917743" lon="17.881027"><ele>129.4</ele><time>2026-07-11T14:03:40Z</time></trkpt>
<trkpt lat="46.917719" lon="17.881051"><ele>129.4</ele><time>2026-07-11T14:04Z</time></trkpt>
<trkpt lat="46.917696" lon="17.881075"><ele>128.8</ele><time>2026-07-11T14:04:20Z</time></trkpt>
<trkpt lat="46.917672" lon="17.881099"><ele>128.6</ele><time>2026-07-11T14:04:40Z</time></trkpt>
<trkpt lat="46.917649" lon="17.881123"><ele>128.7</ele><time>2026-07-11T14:05Z</time></trkpt>
<trkpt lat="46.917625" lon="17.881147"><ele>128.7</ele><time>2026-07-11T14:05:20Z</time></trkpt>
<trkpt lat="46.917602" lon="17.881171"><ele>128.2</ele><time>2026-07-11T14:05:40Z</time></trkpt>
<trkpt lat="46.917578" lon="17.881195"><ele>128.4</ele><time>2026-07-11T14:06Z</time></trkpt>
<trkpt lat="46.917554" lon="17.881219"><ele>128.1</ele><time>2026-07-11T14:06:20Z</time></trkpt>
<trkpt lat="46.917530" lon="17.881244"><ele>127.9</ele><time>2026-07-11T14:06:40Z</time></trkpt>
<trkpt lat="46.917506" lon="17.881268"><ele>128.5</ele><time>2026-07-11T14:07Z</time></trkpt>
<trkpt lat="46.917482" lon="17.881292"><ele>127.7</ele><time>2026-07-11T14:07:20Z</time></trkpt>
<trkpt lat="46.917458" lon="17.881316"><ele>127.8</ele><time>2026-07-11T14:07:40Z</time></trkpt>
<trkpt lat="46.917434" lon="17.881341"><ele>128.3</ele><time>2026-07-11T14:08Z</time></trkpt>
<trkpt lat="46.917410" lon="17.881365"><ele>127.4</ele><time>2026-07-11T14:08:20Z</time></trkpt>
<trkpt lat="46.917386" lon="17.881389"><ele>127.9</ele><time>2026-07-11T14:08:40Z</time></trkpt>
<trkpt lat="46.917361" lon="17.881414"><ele>127.3</ele><time>2026-07-11T14:09Z</time></trkpt>
<trkpt lat="46.917337" lon="17.881438"><ele>127.6</ele><time>2026-07-11T14:09:20Z</time></trkpt>
<trkpt lat="46.917312" lon="17.881463"><ele>127.2</ele><time>2026-07-11T14:09:40Z</time></trkpt>
<trkpt lat="46.917288" lon="17.881487"><ele>127.4</ele><time>2026-07-11T14:10Z</time></trkpt>
<trkpt lat="46.917263" lon="17.881512"><ele>127.1</ele><time>2026-07-11T14:10:20Z</time></trkpt>
<trkpt lat="46.917239" lon="17.881536"><ele>127.2</ele><time>2026-07-11T14:10:40Z</time></trkpt>
<trkpt lat="46.917214" lon="17.881561"><ele>126.5</ele><time>2026-07-11T14:11Z</time></trkpt>
<trkpt lat="46.917189" lon="17.881586"><ele>126.3</ele><time>2026-07-11T14:11:20Z</time></trkpt>
<trkpt lat="46.917165" lon="17.881610"><ele>127.0</ele><time>2026-07-11T14:11:40Z</time></trkpt>
<trkpt lat="46.917140" lon="17.881635"><ele>125.9</ele><time>2026-07-11T14:12Z</time></trkpt>
<trkpt lat="46.917115" lon="17.881660"><ele>126.5</ele><time>2026-07-11T14:12:20Z</time></trkpt>
<trkpt lat="46.917090" lon="17.881685"><ele>125.9</ele><time>2026-07-11T14:12:40Z</time></trkpt>
<trkpt lat="46.917065" lon="17.881710"><ele>126.3</ele><time>2026-07-11T14:13Z</time></trkpt>
<trkpt lat="46.917040" lon="17.881735"><ele>126.1</ele><time>2026-07-11T14:13:20Z</time></trkpt>
<trkpt lat="46.917015" lon="17.881760"><ele>126.0</ele><time>2026-07-11T14:13:40Z</time></trkpt>
<trkpt lat="46.916990" lon="17.881785"><ele>125.9</ele><time>2026-07-11T14:14Z</time></trkpt>
<trkpt lat="46.916965" lon="17.881810"><ele>125.5</ele><time>2026-07-11T14:14:20Z</time></trkpt>
<trkpt lat="46.916940" lon="17.881835"><ele>125.2</ele><time>2026-07-11T14:14:40Z</time></trkpt>
<trkpt lat="46.916915" lon="17.881860"><ele>125.8</ele><time>2026-07-11T14:15Z</time></trkpt>
<trkpt lat="46.916889" lon="17.881885"><ele>125.1</ele><time>2026-07-11T14:15:20Z</time></trkpt>
<trkpt lat="46.916864" lon="17.881910"><ele>124.7</ele><time>2026-07-11T14:15:40Z</time></trkpt>
<trkpt lat="46.916839" lon="17.881936"><ele>125.3</ele><time>2026-07-11T14:16Z</time></trkpt>
<trkpt lat="46.916813" lon="17.881961"><ele>124.4</ele><time>2026-07-11T14:16:20Z</time></trkpt>
<trkpt lat="46.916788" lon="17.881986"><ele>125.0</ele><time>2026-07-11T14:16:40Z</time></trkpt>
<trkpt lat="46.916762" lon="17.882012"><ele>124.8</ele><time>2026-07-11T14:17Z</time></trkpt>
<trkpt lat="46.916737" lon="17.882037"><ele>124.4</ele><time>2026-07-11T14:17:20Z</time></trkpt>
<trkpt lat="46.916711" lon="17.882063"><ele>123.9</ele><time>2026-07-11T14:17:40Z</time></trkpt>
<trkpt lat="46.916686" lon="17.882088"><ele>124.4</ele><time>2026-07-11T14:18Z</time></trkpt>
<trkpt lat="46.916660" lon="17.882114"><ele>123.8</ele><time>2026-07-11T14:18:20Z</time></trkpt>
<trkpt lat="46.916634" lon="17.882140"><ele>123.6</ele><time>2026-07-11T14:18:40Z</time></trkpt>
<trkpt lat="46.916609" lon="17.882166"><ele>124.3</ele><time>2026-07-11T14:19Z</time></trkpt>
<trkpt lat="46.916583" lon="17.882191"><ele>123.3</ele><time>2026-07-11T14:19:20Z</time></trkpt>
<trkpt lat="46.916557" lon="17.882217"><ele>123.2</ele><time>2026-07-11T14:19:40Z</time></trkpt>
<trkpt lat="46.916532" lon="17.882243"><ele>123.0</ele><time>2026-07-11T14:20Z</time></trkpt>
<trkpt lat="46.916506" lon="17.882269"><ele>123.6</ele><time>2026-07-11T14:20:20Z</time></trkpt>
<trkpt lat="46.916480" lon="17.882295"><ele>123.0</ele><time>2026-07-11T14:20:40Z</time></trkpt>
<trkpt lat="46.916454" lon="17.882321"><ele>122.9</ele><time>2026-07-11T14:21Z</time></trkpt>
<trkpt lat="46.916428" lon="17.882347"><ele>123.0</ele><time>2026-07-11T14:21:20Z</time></trkpt>
<trkpt lat="46.916402" lon="17.882373"><ele>123.1</ele><time>2026-07-11T14:21:40Z</time></trkpt>
<trkpt lat="46.916377" lon="17.882400"><ele>122.4</ele><time>2026-07-11T14:22Z</time></trkpt>
<trkpt lat="46.916351" lon="17.882426"><ele>122.5</ele><time>2026-07-11T14:22:20Z</time></trkpt>
<trkpt lat="46.916325" lon="17.882452"><ele>122.7</ele><time>2026-07-11T14:22:40Z</time></trkpt>
<trkpt lat="46.916299" lon="17.882479"><ele>122.5</ele><time>2026-07-11T14:23Z</time></trkpt>
<trkpt lat="46.916273" lon="17.882505"><ele>121.9</ele><time>2026-07-11T14:23:20Z</time></trkpt>
<trkpt lat="46.916247" lon="17.882532"><ele>121.7</ele><time>2026-07-11T14:23:40Z</time></trkpt>
<trkpt lat="46.916221" lon="17.882558"><ele>121.8</ele><time>2026-07-11T14:24Z</time></trkpt>
<trkpt lat="46.916195" lon="17.882585"><ele>122.3</ele><time>2026-07-11T14:24:20Z</time></trkpt>
<trkpt lat="46.916169" lon="17.882612"><ele>121.6</ele><time>2026-07-11T14:24:40Z</time></trkpt>
<trkpt lat="46.916143" lon="17.882638"><ele>121.7</ele><time>2026-07-11T14:25Z</time></trkpt>
<trkpt lat="46.916117" lon="17.882665"><ele>121.1</ele><time>2026-07-11T14:25:20Z</time></trkpt>
<trkpt lat="46.916091" lon="17.882692"><ele>121.7</ele><time>2026-07-11T14:25:40Z</time></trkpt>
<trkpt lat="46.916064" lon="17.882719"><ele>121.0</ele><time>2026-07-11T14:26Z</time></trkpt>
<trkpt lat="46.916038" lon="17.882746"><ele>120.6</ele><time>2026-07-11T14:26:20Z</time></trkpt>
<trkpt lat="46.916012" lon="17.882773"><ele>121.1</ele><time>2026-07-11T14:26:40Z</time></trkpt>
<trkpt lat="46.915986" lon="17.882800"><ele>121.1</ele><time>2026-07-11T14:27Z</time></trkpt>
<trkpt lat="46.915960" lon="17.882828"><ele>121.0</ele><time>2026-07-11T14:27:20Z</time></trkpt>
<trkpt lat="46.915934" lon="17.882855"><ele>120.9</ele><time>2026-07-11T14:27:40Z</time></trkpt>
<trkpt lat="46.915908" lon="17.882882"><ele>120.5</ele><time>2026-07-11T14:28Z</time></trkpt>
<trkpt lat="46.915882" lon="17.882910"><ele>120.3</ele><time>2026-07-11T14:28:20Z</time></trkpt>
<trkpt lat="46.915856" lon="17.882937"><ele>119.8</ele><time>2026-07-11T14:28:40Z</time></trkpt>
<trkpt lat="46.915830" lon="17.882964"><ele>120.3</ele><time>2026-07-11T14:29Z</time></trkpt>
<trkpt lat="46.915804" lon="17.882992"><ele>120.2</ele><time>2026-07-11T14:29:20Z</time></trkpt>
<trkpt lat="46.915777" lon="17.883020"><ele>120.2</ele><time>2026-07-11T14:29:40Z</time></trkpt>
<trkpt lat="46.915751" lon="17.883047"><ele>119.8</ele><time>2026-07-11T14:30Z</time></trkpt>
<trkpt lat="46.915725" lon="17.883075"><ele>119.0</ele><time>2026-07-11T14:30:20Z</time></trkpt>
<trkpt lat="46.915699" lon="17.883103"><ele>119.8</ele><time>2026-07-11T14:30:40Z</time></trkpt>
<trkpt lat="46.915673" lon="17.883131"><ele>119.4</ele><time>2026-07-11T14:31Z</time></trkpt>
<trkpt lat="46.915647" lon="17.883159"><ele>119.5</ele><time>2026-07-11T14:31:20Z</time></trkpt>
<trkpt lat="46.915621" lon="17.883187"><ele>118.5</ele><time>2026-07-11T14:31:40Z</time></trkpt>
<trkpt lat="46.915595" lon="17.883215"><ele>119.2</ele><time>2026-07-11T14:32Z</time></trkpt>
<trkpt lat="46.915569" lon="17.883243"><ele>118.9</ele><time>2026-07-11T14:32:20Z</time></trkpt>
<trkpt lat="46.915543" lon="17.883272"><ele>118.4</ele><time>2026-07-11T14:32:40Z</time></trkpt>
<trkpt lat="46.915517" lon="17.883300"><ele>118.9</ele><time>2026-07-11T14:33Z</time></trkpt>
<trkpt lat="46.915491" lon="17.883328"><ele>118.5</ele><time>2026-07-11T14:33:20Z</time></trkpt>
<trkpt lat="46.915465" lon="17.883357"><ele>118.0</ele><time>2026-07-11T14:33:40Z</time></trkpt>
<trkpt lat="46.915439" lon="17.883385"><ele>118.4</ele><time>2026-07-11T14:34Z</time></trkpt>
<trkpt lat="46.915413" lon="17.883414"><ele>117.4</ele><time>2026-07-11T14:34:20Z</time></trkpt>
<trkpt lat="46.915387" lon="17.883442"><ele>117.9</ele><time>2026-07-11T14:34:40Z</time></trkpt>
<trkpt lat="46.915362" lon="17.883471"><ele>118.0</ele><time>2026-07-11T14:35Z</time></trkpt>
<trkpt lat="46.915336" lon="17.883500"><ele>117.5</ele><time>2026-07-11T14:35:20Z</time></trkpt>
<trkpt lat="46.915310" lon="17.883529"><ele>116.9</ele><time>2026-07-11T14:35:40Z</time></trkpt>
<trkpt lat="46.915284" lon="17.883558"><ele>116.7</ele><time>2026-07-11T14:36Z</time></trkpt>
<trkpt lat="46.915258" lon="17.883587"><ele>116.6</ele><time>2026-07-11T14:36:20Z</time></trkpt>
<trkpt lat="46.915233" lon="17.883616"><ele>116.7</ele><time>2026-07-11T14:36:40Z</time></trkpt>
<trkpt lat="46.915207" lon="17.883645"><ele>117.1</ele><time>2026-07-11T14:37Z</time></trkpt>
<trkpt lat="46.915181" lon="17.883674"><ele>116.4</ele><time>2026-07-11T14:37:20Z</time></trkpt>
<trkpt lat="46.915156" lon="17.883703"><ele>116.8</ele><time>2026-07-11T14:37:40Z</time></trkpt>
<trkpt lat="46.915130" lon="17.883733"><ele>116.4</ele><time>2026-07-11T14:38Z</time></trkpt>
<trkpt lat="46.915104" lon="17.883762"><ele>116.1</ele><time>2026-07-11T14:38:20Z</time></trkpt>
<trkpt lat="46.915079" lon="17.883791"><ele>116.3</ele><time>2026-07-11T14:38:40Z</time></trkpt>
<trkpt lat="46.915053" lon="17.883821"><ele>115.5</ele><time>2026-07-11T14:39Z</time></trkpt>
<trkpt lat="46.915028" lon="17.883851"><ele>115.5</ele><time>2026-07-11T14:39:20Z</time></trkpt>
<trkpt lat="46.915002" lon="17.883880"><ele>116.1</ele><time>2026-07-11T14:39:40Z</time></trkpt>
<trkpt lat="46.914977" lon="17.883910"><ele>115.7</ele><time>2026-07-11T14:40Z</time></trkpt>
<trkpt lat="46.914952" lon="17.883940"><ele>115.4</ele><time>2026-07-11T14:40:20Z</time></trkpt>
<trkpt lat="46.914926" lon="17.883970"><ele>115.4</ele><time>2026-07-11T14:40:40Z</time></trkpt>
<trkpt lat="46.914901" lon="17.884000"><ele>115.2</ele><time>2026-07-11T14:41Z</time></trkpt>
<trkpt lat="46.914876" lon="17.884030"><ele>114.7</ele><time>2026-07-11T14:41:20Z</time></trkpt>
<trkpt lat="46.914851" lon="17.884060"><ele>114.9</ele><time>2026-07-11T14:41:40Z</time></trkpt>
<trkpt lat="46.914825" lon="17.884090"><ele>114.4</ele><time>2026-07-11T14:42Z</time></trkpt>
<trkpt lat="46.914800" lon="17.884120"><ele>114.9</ele><time>2026-07-11T14:42:20Z</time></trkpt>
<trkpt lat="46.914775" lon="17.884150"><ele>114.6</ele><time>2026-07-11T14:42:40Z</time></trkpt>
<trkpt lat="46.914750" lon="17.884181"><ele>114.1</ele><time>2026-07-11T14:43Z</time></trkpt>
<trkpt lat="46.914725" lon="17.884211"><ele>114.0</ele><time>2026-07-11T14:43:20Z</time></trkpt>
<trkpt lat="46.914700" lon="17.884242"><ele>113.6</ele><time>2026-07-11T14:43:40Z</time></trkpt>
<trkpt lat="46.914675" lon="17.884272"><ele>113.4</ele><time>2026-07-11T14:44Z</time></trkpt>
<trkpt lat="46.914651" lon="17.884303"><ele>114.2</ele><time>2026-07-11T14:44:20Z</time></trkpt>
<trkpt lat="46.914626" lon="17.884334"><ele>114.0</ele><time>2026-07-11T14:44:40Z</time></trkpt>
<trkpt lat="46.914601" lon="17.884364"><ele>113.7</ele><time>2026-07-11T14:45Z</time></trkpt>
<trkpt lat="46.914576" lon="17.884395"><ele>113.3</ele><time>2026-07-11T14:45:20Z</time></trkpt>
<trkpt lat="46.914552" lon="17.884426"><ele>113.2</ele><time>2026-07-11T14:45:40Z</time></trkpt>
<trkpt lat="46.914527" lon="17.884457"><ele>113.1</ele><time>2026-07-11T14:46Z</time></trkpt>
<trkpt lat="46.914503" lon="17.884488"><ele>112.8</ele><time>2026-07-11T14:46:20Z</time></trkpt>
<trkpt lat="46.914478" lon="17.884519"><ele>112.5</ele><time>2026-07-11T14:46:40Z</time></trkpt>
<trkpt lat="46.914454" lon="17.884551"><ele>112.2</ele><time>2026-07-11T14:47Z</time></trkpt>
<trkpt lat="46.914430" lon="17.884582"><ele>112.3</ele><time>2026-07-11T14:47:20Z</time></trkpt>
<trkpt lat="46.914405" lon="17.884613"><ele>112.7</ele><time>2026-07-11T14:47:40Z</time></trkpt>
<trkpt lat="46.914381" lon="17.884644"><ele>112.2</ele><time>2026-07-11T14:48Z</time></trkpt>
<trkpt lat="46.914357" lon="17.884676"><ele>112.1</ele><time>2026-07-11T14:48:20Z</time></trkpt>
<trkpt lat="46.914333" lon="17.884707"><ele>112.4</ele><time>2026-07-11T14:48:40Z</time></trkpt>
<trkpt lat="46.914309" lon="17.884739"><ele>111.9</ele><time>2026-07-11T14:49Z</time></trkpt>
<trkpt lat="46.914285" lon="17.884771"><ele>111.4</ele><time>2026-07-11T14:49:20Z</time></trkpt>
<trkpt lat="46.914261" lon="17.884802"><ele>111.7</ele><time>2026-07-11T14:49:40Z</time></trkpt>
<trkpt lat="46.914237" lon="17.884834"><ele>111.0</ele><time>2026-07-11T14:50Z</time></trkpt>
<trkpt lat="46.914214" lon="17.884866"><ele>111.5</ele><time>2026-07-11T14:50:20Z</time></trkpt>
<trkpt lat="46.914190" lon="17.884898"><ele>110.8</ele><time>2026-07-11T14:50:40Z</time></trkpt>
<trkpt lat="46.914166" lon="17.884930"><ele>110.9</ele><time>2026-07-11T14:51Z</time></trkpt>
<trkpt lat="46.914143" lon="17.884962"><ele>110.6</ele><time>2026-07-11T14:51:20Z</time></trkpt>
<trkpt lat="46.914119" lon="17.884994"><ele>111.2</ele><time>2026-07-11T14:51:40Z</time></trkpt>
<trkpt lat="46.914096" lon="17.885026"><ele>110.3</ele><time>2026-07-11T14:52Z</time></trkpt>
<trkpt lat="46.914073" lon="17.885058"><ele>110.5</ele><time>2026-07-11T14:52:20Z</time></trkpt>
<trkpt lat="46.914049" lon="17.885091"><ele>110.5</ele><time>2026-07-11T14:52:40Z</time></trkpt>
<trkpt lat="46.914026" lon="17.885123"><ele>110.3</ele><time>2026-07-11T14:53Z</time></trkpt>
<trkpt lat="46.914003" lon="17.885156"><ele>109.5</ele><time>2026-07-11T14:53:20Z</time></trkpt>
<trkpt lat="46.913980" lon="17.885188"><ele>110.2</ele><time>2026-07-11T14:53:40Z</time></trkpt>
<trkpt lat="46.913957" lon="17.885221"><ele>110.2</ele><time>2026-07-11T14:54Z</time></trkpt>
<trkpt lat="46.913934" lon="17.885253"><ele>109.7</ele><time>2026-07-11T14:54:20Z</time></trkpt>
<trkpt lat="46.913911" lon="17.885286"><ele>109.6</ele><time>2026-07-11T14:54:40Z</time></trkpt>
<trkpt lat="46.913889" lon="17.885319"><ele>109.1</ele><time>2026-07-11T14:55Z</time></trkpt>
<trkpt lat="46.913866" lon="17.885351"><ele>109.5</ele><time>2026-07-11T14:55:20Z</time></trkpt>
<trkpt lat="46.913844" lon="17.885384"><ele>108.8</ele><time>2026-07-11T14:55:40Z</time></trkpt>
<trkpt lat="46.913821" lon="17.885417"><ele>108.9</ele><time>2026-07-11T14:56Z</time></trkpt>
<trkpt lat="46.913799" lon="17.885450"><ele>108.4</ele><time>2026-07-11T14:56:20Z</time></trkpt>
<trkpt lat="46.913776" lon="17.885483"><ele>109.1</ele><time>2026-07-11T14:56:40Z</time></trkpt>
<trkpt lat="46.913754" lon="17.885516"><ele>108.9</ele><time>2026-07-11T14:57Z</time></trkpt>
<trkpt lat="46.913732" lon="17.885549"><ele>108.7</ele><time>2026-07-11T14:57:20Z</time></trkpt>
<trkpt lat="46.913710" lon="17.885583"><ele>108.2</ele><time>2026-07-11T14:57:40Z</time></trkpt>
<trkpt lat="46.913688" lon="17.885616"><ele>107.6</ele><time>2026-07-11T14:58Z</time></trkpt>
<trkpt lat="46.913666" lon="17.885649"><ele>107.6</ele><time>2026-07-11T14:58:20Z</time></trkpt>
<trkpt lat="46.913644" lon="17.885683"><ele>107.5</ele><time>2026-07-11T14:58:40Z</time></trkpt>
<trkpt lat="46.913622" lon="17.885716"><ele>108.0</ele><time>2026-07-11T14:59Z</time></trkpt>
<trkpt lat="46.913601" lon="17.885750"><ele>107.9</ele><time>2026-07-11T14:59:20Z</time></trkpt>
<trkpt lat="46.913579" lon="17.885783"><ele>107.1</ele><time>2026-07-11T14:59:40Z</time></trkpt>
<trkpt lat="46.913558" lon="17.885817"><ele>106.9</ele><time>2026-07-11T15:00Z</time></trkpt>
<trkpt lat="46.913536" lon="17.885850"><ele>106.9</ele><time>2026-07-11T15:00:20Z</time></trkpt>
<trkpt lat="46.913515" lon="17.885884"><ele>106.6</ele><time>2026-07-11T15:00:40Z</time></trkpt>
<trkpt lat="46.913494" lon="17.885918"><ele>107.1</ele><time>2026-07-11T15:01Z</time></trkpt>
<trkpt lat="46.913472" lon="17.885952"><ele>106.5</ele><time>2026-07-11T15:01:20Z</time></trkpt>
<trkpt lat="46.913451" lon="17.885986"><ele>106.6</ele><time>2026-07-11T15:01:40Z</time></trkpt>
<trkpt lat="46.913430" lon="17.886020"><ele>106.7</ele><time>2026-07-11T15:02Z</time></trkpt>
<trkpt lat="46.913409" lon="17.886054"><ele>106.1</ele><time>2026-07-11T15:02:20Z</time></trkpt>
<trkpt lat="46.913389" lon="17.886088"><ele>106.5</ele><time>2026-07-11T15:02:40Z</time></trkpt>
<trkpt lat="46.913368" lon="17.886122"><ele>106.1</ele><time>2026-07-11T15:03Z</time></trkpt>
<trkpt lat="46.913347" lon="17.886156"><ele>105.5</ele><time>2026-07-11T15:03:20Z</time></trkpt>
<trkpt lat="46.913327" lon="17.886190"><ele>105.3</ele><time>2026-07-11T15:03:40Z</time></trkpt>
<trkpt lat="46.913306" lon="17.886224"><ele>105.4</ele><time>2026-07-11T15:04Z</time></trkpt>
<trkpt lat="46.913286" lon="17.886258"><ele>105.1</ele><time>2026-07-11T15:04:19Z</time></trkpt>
<trkpt lat="46.913266" lon="17.886293"><ele>105.0</ele><time>2026-07-11T15:04:40Z</time></trkpt>
<trkpt lat="46.913246" lon="17.886327"><ele>105.4</ele><time>2026-07-11T15:05Z</time></trkpt>
<trkpt lat="46.913225" lon="17.886362"><ele>105.2</ele><time>2026-07-11T15:05:19Z</time></trkpt>
<trkpt lat="46.913205" lon="17.886396"><ele>105.3</ele><time>2026-07-11T15:05:40Z</time></trkpt>
<trkpt lat="46.913186" lon="17.886431"><ele>105.2</ele><time>2026-07-11T15:06Z</time></trkpt>
<trkpt lat="46.913166" lon="17.886465"><ele>104.7</ele><time>2026-07-11T15:06:19Z</time></trkpt>
<trkpt lat="46.913146" lon="17.886500"><ele>104.0</ele><time>2026-07-11T15:06:40Z</time></trkpt>
<trkpt lat="46.913126" lon="17.886534"><ele>104.5</ele><time>2026-07-11T15:07Z</time></trkpt>
<trkpt lat="46.913107" lon="17.886569"><ele>104.2</ele><time>2026-07-11T15:07:19Z</time></trkpt>
<trkpt lat="46.913087" lon="17.886604"><ele>104.4</ele><time>2026-07-11T15:07:40Z</time></trkpt>
<trkpt lat="46.913068" lon="17.886639"><ele>104.0</ele><time>2026-07-11T15:08Z</time></trkpt>
<trkpt lat="46.913049" lon="17.886673"><ele>104.2</ele><time>2026-07-11T15:08:19Z</time></trkpt>
<trkpt lat="46.913030" lon="17.886708"><ele>104.1</ele><time>2026-07-11T15:08:40Z</time></trkpt>
<trkpt lat="46.913011" lon="17.886743"><ele>103.8</ele><time>2026-07-11T15:09Z</time></trkpt>
<trkpt lat="46.912992" lon="17.886778"><ele>103.2</ele><time>2026-07-11T15:09:19Z</time></trkpt>
<trkpt lat="46.912973" lon="17.886813"><ele>102.7</ele><time>2026-07-11T15:09:40Z</time></trkpt>
<trkpt lat="46.912954" lon="17.886848"><ele>102.9</ele><time>2026-07-11T15:10Z</time></trkpt>
<trkpt lat="46.912935" lon="17.886883"><ele>102.5</ele><time>2026-07-11T15:10:19Z</time></trkpt>
<trkpt lat="46.912917" lon="17.886918"><ele>103.0</ele><time>2026-07-11T15:10:40Z</time></trkpt>
<trkpt lat="46.912898" lon="17.886954"><ele>102.9</ele><time>2026-07-11T15:11Z</time></trkpt>
<trkpt lat="46.912880" lon="17.886989"><ele>102.9</ele><time>2026-07-11T15:11:19Z</time></trkpt>
<trkpt lat="46.912861" lon="17.887024"><ele>102.5</ele><time>2026-07-11T15:11:40Z</time></trkpt>
<trkpt lat="46.912843" lon="17.887059"><ele>102.5</ele><time>2026-07-11T15:12Z</time></trkpt>
<trkpt lat="46.912825" lon="17.887094"><ele>102.5</ele><time>2026-07-11T15:12:19Z</time></trkpt>
<trkpt lat="46.912807" lon="17.887130"><ele>101.6</ele><time>2026-07-11T15:12:40Z</time></trkpt>
<trkpt lat="46.912789" lon="17.887165"><ele>102.1</ele><time>2026-07-11T15:13Z</time></trkpt>
<trkpt lat="46.912771" lon="17.887200"><ele>102.0</ele><time>2026-07-11T15:13:19Z</time></trkpt>
<trkpt lat="46.912753" lon="17.887236"><ele>101.2</ele><time>2026-07-11T15:13:40Z</time></trkpt>
<trkpt lat="46.912736" lon="17.887271"><ele>101.5</ele><time>2026-07-11T15:14Z</time></trkpt>
<trkpt lat="46.912718" lon="17.887307"><ele>101.7</ele><time>2026-07-11T15:14:19Z</time></trkpt>
<trkpt lat="46.912701" lon="17.887342"><ele>100.7</ele><time>2026-07-11T15:14:40Z</time></trkpt>
<trkpt lat="46.912683" lon="17.887378"><ele>100.8</ele><time>2026-07-11T15:15Z</time></trkpt>
<trkpt lat="46.912666" lon="17.887413"><ele>100.9</ele><time>2026-07-11T15:15:19Z</time></trkpt>
<trkpt lat="46.912649" lon="17.887449"><ele>100.4</ele><time>2026-07-11T15:15:40Z</time></trkpt>
<trkpt lat="46.912632" lon="17.887485"><ele>101.1</ele><time>2026-07-11T15:16Z</time></trkpt>
<trkpt lat="46.912614" lon="17.887520"><ele>100.4</ele><time>2026-07-11T15:16:19Z</time></trkpt>
<trkpt lat="46.912598" lon="17.887556"><ele>100.4</ele><time>2026-07-11T15:16:40Z</time></trkpt>
<trkpt lat="46.912581" lon="17.887592"><ele>100.0</ele><time>2026-07-11T15:17Z</time></trkpt>
<trkpt lat="46.912564" lon="17.887627"><ele>100.1</ele><time>2026-07-11T15:17:19Z</time></trkpt>
<trkpt lat="46.912547" lon="17.887663"><ele>100.3</ele><time>2026-07-11T15:17:40Z</time></trkpt>
<trkpt lat="46.912531" lon="17.887699"><ele>100.2</ele><time>2026-07-11T15:18Z</time></trkpt>
<trkpt lat="46.912514" lon="17.887735"><ele>99.7</ele><time>2026-07-11T15:18:19Z</time></trkpt>
<trkpt lat="46.912498" lon="17.887770"><ele>99.7</ele><time>2026-07-11T15:18:40Z</time></trkpt>
<trkpt lat="46.912481" lon="17.887806"><ele>100.0</ele><time>2026-07-11T15:19Z</time></trkpt>
<trkpt lat="46.912465" lon="17.887842"><ele>99.3</ele><time>2026-07-11T15:19:19Z</time></trkpt>
<trkpt lat="46.912449" lon="17.887878"><ele>98.8</ele><time>2026-07-11T15:19:40Z</time></trkpt>
<trkpt lat="46.912433" lon="17.887914"><ele>99.3</ele><time>2026-07-11T15:20Z</time></trkpt>
<trkpt lat="46.912417" lon="17.887950"><ele>99.1</ele><time>2026-07-11T15:20:19Z</time></trkpt>
<trkpt lat="46.912401" lon="17.887986"><ele>99.2</ele><time>2026-07-11T15:20:40Z</time></trkpt>
<trkpt lat="46.912385" lon="17.888021"><ele>98.4</ele><time>2026-07-11T15:21Z</time></trkpt>
<trkpt lat="46.912370" lon="17.888057"><ele>98.3</ele><time>2026-07-11T15:21:19Z</time></trkpt>
<trkpt lat="46.912354" lon="17.888093"><ele>98.3</ele><time>2026-07-11T15:21:40Z</time></trkpt>
<trkpt lat="46.912339" lon="17.888129"><ele>98.5</ele><time>2026-07-11T15:22Z</time></trkpt>
<trkpt lat="46.912323" lon="17.888165"><ele>98.7</ele><time>2026-07-11T15:22:19Z</time></trkpt>
<trkpt lat="46.912308" lon="17.888201"><ele>97.7</ele><time>2026-07-11T15:22:40Z</time></trkpt>
<trkpt lat="46.912292" lon="17.888237"><ele>97.5</ele><time>2026-07-11T15:23Z</time></trkpt>
<trkpt lat="46.912277" lon="17.888273"><ele>98.2</ele><time>2026-07-11T15:23:19Z</time></trkpt>
<trkpt lat="46.912262" lon="17.888309"><ele>97.2</ele><time>2026-07-11T15:23:40Z</time></trkpt>
<trkpt lat="46.912247" lon="17.888345"><ele>98.0</ele><time>2026-07-11T15:24Z</time></trkpt>
<trkpt lat="46.912232" lon="17.888381"><ele>97.3</ele><time>2026-07-11T15:24:19Z</time></trkpt>
<trkpt lat="46.912217" lon="17.888418"><ele>97.0</ele><time>2026-07-11T15:24:40Z</time></trkpt>
<trkpt lat="46.912202" lon="17.888454"><ele>97.2</ele><time>2026-07-11T15:25Z</time></trkpt>
<trkpt lat="46.912188" lon="17.888490"><ele>97.1</ele><time>2026-07-11T15:25:19Z</time></trkpt>
<trkpt lat="46.912173" lon="17.888526"><ele>96.9</ele><time>2026-07-11T15:25:40Z</time></trkpt>
<trkpt lat="46.912159" lon="17.888562"><ele>96.5</ele><time>2026-07-11T15:26Z</time></trkpt>
<trkpt lat="46.912144" lon="17.888598"><ele>97.1</ele><time>2026-07-11T15:26:19Z</time></trkpt>
<trkpt lat="46.912130" lon="17.888634"><ele>96.7</ele><time>2026-07-11T15:26:40Z</time></trkpt>
<trkpt lat="46.912115" lon="17.888670"><ele>96.7</ele><time>2026-07-11T15:27Z</time></trkpt>
<trkpt lat="46.912101" lon="17.888706"><ele>96.2</ele><time>2026-07-11T15:27:19Z</time></trkpt>
<trkpt lat="46.912087" lon="17.888742"><ele>96.4</ele><time>2026-07-11T15:27:40Z</time></trkpt>
<trkpt lat="46.912073" lon="17.888778"><ele>95.9</ele><time>2026-07-11T15:28Z</time></trkpt>
<trkpt lat="46.912059" lon="17.888814"><ele>95.6</ele><time>2026-07-11T15:28:19Z</time></trkpt>
<trkpt lat="46.912045" lon="17.888851"><ele>95.4</ele><time>2026-07-11T15:28:40Z</time></trkpt>
<trkpt lat="46.912031" lon="17.888887"><ele>96.0</ele><time>2026-07-11T15:29Z</time></trkpt>
<trkpt lat="46.912017" lon="17.888923"><ele>95.5</ele><time>2026-07-11T15:29:19Z</time></trkpt>
<trkpt lat="46.912004" lon="17.888959"><ele>96.0</ele><time>2026-07-11T15:29:40Z</time></trkpt>
<trkpt lat="46.911990" lon="17.888995"><ele>95.6</ele><time>2026-07-11T15:30Z</time></trkpt>
<trkpt lat="46.911976" lon="17.889031"><ele>95.1</ele><time>2026-07-11T15:30:19Z</time></trkpt>
<trkpt lat="46.911963" lon="17.889067"><ele>94.8</ele><time>2026-07-11T15:30:40Z</time></trkpt>
<trkpt lat="46.911949" lon="17.889103"><ele>94.7</ele><time>2026-07-11T15:31Z</time></trkpt>
<trkpt lat="46.911936" lon="17.889139"><ele>94.8</ele><time>2026-07-11T15:31:19Z</time></trkpt>
<trkpt lat="46.911923" lon="17.889175"><ele>94.8</ele><time>2026-07-11T15:31:40Z</time></trkpt>
<trkpt lat="46.911910" lon="17.889211"><ele>94.5</ele><time>2026-07-11T15:32Z</time></trkpt>
<trkpt lat="46.911896" lon="17.889247"><ele>94.6</ele><time>2026-07-11T15:32:19Z</time></trkpt>
<trkpt lat="46.911883" lon="17.889283"><ele>94.0</ele><time>2026-07-11T15:32:40Z</time></trkpt>
<trkpt lat="46.911870" lon="17.889319"><ele>94.7</ele><time>2026-07-11T15:33Z</time></trkpt>
<trkpt lat="46.911857" lon="17.889355"><ele>94.5</ele><time>2026-07-11T15:33:19Z</time></trkpt>
<trkpt lat="46.911844" lon="17.889391"><ele>94.1</ele><time>2026-07-11T15:33:40Z</time></trkpt>
<trkpt lat="46.911831" lon="17.889427"><ele>93.7</ele><time>2026-07-11T15:34Z</time></trkpt>
<trkpt lat="46.911819" lon="17.889463"><ele>93.4</ele><time>2026-07-11T15:34:19Z</time></trkpt>
<trkpt lat="46.911806" lon="17.889499"><ele>93.8</ele><time>2026-07-11T15:34:40Z</time></trkpt>
<trkpt lat="46.911793" lon="17.889535"><ele>93.6</ele><time>2026-07-11T15:35Z</time></trkpt>
<trkpt lat="46.911781" lon="17.889571"><ele>93.3</ele><time>2026-07-11T15:35:19Z</time></trkpt>
<trkpt lat="46.911768" lon="17.889607"><ele>93.0</ele><time>2026-07-11T15:35:40Z</time></trkpt>
<trkpt lat="46.911756" lon="17.889643"><ele>92.9</ele><time>2026-07-11T15:36Z</time></trkpt>
<trkpt lat="46.911743" lon="17.889679"><ele>92.8</ele><time>2026-07-11T15:36:19Z</time></trkpt>
<trkpt lat="46.911731" lon="17.889714"><ele>93.5</ele><time>2026-07-11T15:36:40Z</time></trkpt>
<trkpt lat="46.911718" lon="17.889750"><ele>93.1</ele><time>2026-07-11T15:37Z</time></trkpt>
<trkpt lat="46.911706" lon="17.889786"><ele>92.9</ele><time>2026-07-11T15:37:19Z</time></trkpt>
<trkpt lat="46.911694" lon="17.889822"><ele>92.3</ele><time>2026-07-11T15:37:40Z</time></trkpt>
<trkpt lat="46.911682" lon="17.889858"><ele>92.5</ele><time>2026-07-11T15:38Z</time></trkpt>
<trkpt lat="46.911669" lon="17.889893"><ele>92.8</ele><time>2026-07-11T15:38:19Z</time></trkpt>
<trkpt lat="46.911657" lon="17.889929"><ele>92.5</ele><time>2026-07-11T15:38:40Z</time></trkpt>
<trkpt lat="46.911645" lon="17.889965"><ele>92.6</ele><time>2026-07-11T15:39Z</time></trkpt>
<trkpt lat="46.911633" lon="17.890000"><ele>92.6</ele><time>2026-07-11T15:39:19Z</time></trkpt>
<trkpt lat="46.911621" lon="17.890036"><ele>92.0</ele><time>2026-07-11T15:39:40Z</time></trkpt>
<trkpt lat="46.911609" lon="17.890072"><ele>91.9</ele><time>2026-07-11T15:40Z</time></trkpt>
<trkpt lat="46.911598" lon="17.890107"><ele>91.8</ele><time>2026-07-11T15:40:19Z</time></trkpt>
<trkpt lat="46.911586" lon="17.890143"><ele>91.6</ele><time>2026-07-11T15:40:40Z</time></trkpt>
<trkpt lat="46.911574" lon="17.890178"><ele>91.1</ele><time>2026-07-11T15:41Z</time></trkpt>
<trkpt lat="46.911562" lon="17.890214"><ele>91.7</ele><time>2026-07-11T15:41:19Z</time></trkpt>
<trkpt lat="46.911551" lon="17.890249"><ele>91.4</ele><time>2026-07-11T15:41:40Z</time></trkpt>
<trkpt lat="46.911539" lon="17.890285"><ele>91.2</ele><time>2026-07-11T15:42Z</time></trkpt>
<trkpt lat="46.911527" lon="17.890320"><ele>91.6</ele><time>2026-07-11T15:42:19Z</time></trkpt>
<trkpt lat="46.911516" lon="17.890355"><ele>90.8</ele><time>2026-07-11T15:42:40Z</time></trkpt>
<trkpt lat="46.911504" lon="17.890391"><ele>90.9</ele><time>2026-07-11T15:43Z</time></trkpt>
<trkpt lat="46.911493" lon="17.890426"><ele>90.9</ele><time>2026-07-11T15:43:19Z</time></trkpt>
<trkpt lat="46.911481" lon="17.890461"><ele>91.0</ele><time>2026-07-11T15:43:40Z</time></trkpt>
<trkpt lat="46.911470" lon="17.890497"><ele>90.7</ele><time>2026-07-11T15:44Z</time></trkpt>
<trkpt lat="46.911458" lon="17.890532"><ele>90.2</ele><time>2026-07-11T15:44:19Z</time></trkpt>
<trkpt lat="46.911447" lon="17.890567"><ele>89.9</ele><time>2026-07-11T15:44:40Z</time></trkpt>
<trkpt lat="46.911436" lon="17.890602"><ele>90.3</ele><time>2026-07-11T15:45Z</time></trkpt>
<trkpt lat="46.911424" lon="17.890637"><ele>90.4</ele><time>2026-07-11T15:45:19Z</time></trkpt>
<trkpt lat="46.911413" lon="17.890672"><ele>90.3</ele><time>2026-07-11T15:45:40Z</time></trkpt>
<trkpt lat="46.911402" lon="17.890707"><ele>89.6</ele><time>2026-07-11T15:46Z</time></trkpt>
<trkpt lat="46.911390" lon="17.890742"><ele>89.6</ele><time>2026-07-11T15:46:19Z</time></trkpt>
<trkpt lat="46.911379" lon="17.890777"><ele>89.5</ele><time>2026-07-11T15:46:40Z</time></trkpt>
<trkpt lat="46.911368" lon="17.890812"><ele>89.9</ele><time>2026-07-11T15:47Z</time></trkpt>
<trkpt lat="46.911357" lon="17.890847"><ele>89.3</ele><time>2026-07-11T15:47:19Z</time></trkpt>
<trkpt lat="46.911346" lon="17.890882"><ele>89.2</ele><time>2026-07-11T15:47:40Z</time></trkpt>
<trkpt lat="46.911334" lon="17.890917"><ele>89.6</ele><time>2026-07-11T15:48Z</time></trkpt>
<trkpt lat="46.911323" lon="17.890951"><ele>89.8</ele><time>2026-07-11T15:48:19Z</time></trkpt>
<trkpt lat="46.911312" lon="17.890986"><ele>89.1</ele><time>2026-07-11T15:48:40Z</time></trkpt>
<trkpt lat="46.911301" lon="17.891021"><ele>89.4</ele><time>2026-07-11T15:49Z</time></trkpt>
<trkpt lat="46.911290" lon="17.891055"><ele>89.1</ele><time>2026-07-11T15:49:19Z</time></trkpt>
<trkpt lat="46.911279" lon="17.891090"><ele>88.5</ele><time>2026-07-11T15:49:40Z</time></trkpt>
<trkpt lat="46.911268" lon="17.891124"><ele>88.6</ele><time>2026-07-11T15:50Z</time></trkpt>
<trkpt lat="46.911257" lon="17.891159"><ele>88.7</ele><time>2026-07-11T15:50:19Z</time></trkpt>
<trkpt lat="46.911246" lon="17.891193"><ele>88.3</ele><time>2026-07-11T15:50:40Z</time></trkpt>
<trkpt lat="46.911235" lon="17.891228"><ele>88.6</ele><time>2026-07-11T15:51Z</time></trkpt>
<trkpt lat="46.911224" lon="17.891262"><ele>88.6</ele><time>2026-07-11T15:51:19Z</time></trkpt>
<trkpt lat="46.911213" lon="17.891296"><ele>88.8</ele><time>2026-07-11T15:51:40Z</time></trkpt>
<trkpt lat="46.911202" lon="17.891331"><ele>88.5</ele><time>2026-07-11T15:52Z</time></trkpt>
<trkpt lat="46.911191" lon="17.891365"><ele>87.7</ele><time>2026-07-11T15:52:19Z</time></trkpt>
<trkpt lat="46.911180" lon="17.891399"><ele>88.5</ele><time>2026-07-11T15:52:40Z</time></trkpt>
<trkpt lat="46.911169" lon="17.891433"><ele>87.8</ele><time>2026-07-11T15:53Z</time></trkpt>
<trkpt lat="46.911158" lon="17.891467"><ele>87.9</ele><time>2026-07-11T15:53:19Z</time></trkpt>
<trkpt lat="46.911147" lon="17.891501"><ele>87.3</ele><time>2026-07-11T15:53:40Z</time></trkpt>
<trkpt lat="46.911136" lon="17.891535"><ele>88.0</ele><time>2026-07-11T15:54Z</time></trkpt>
<trkpt lat="46.911125" lon="17.891569"><ele>87.8</ele><time>2026-07-11T15:54:19Z</time></trkpt>
<trkpt lat="46.911114" lon="17.891603"><ele>87.9</ele><time>2026-07-11T15:54:40Z</time></trkpt>
<trkpt lat="46.911103" lon="17.891636"><ele>87.4</ele><time>2026-07-11T15:55Z</time></trkpt>
<trkpt lat="46.911092" lon="17.891670"><ele>87.8</ele><time>2026-07-11T15:55:19Z</time></trkpt>
<trkpt lat="46.911081" lon="17.891704"><ele>86.8</ele><time>2026-07-11T15:55:40Z</time></trkpt>
<trkpt lat="46.911070" lon="17.891737"><ele>86.7</ele><time>2026-07-11T15:56Z</time></trkpt>
<trkpt lat="46.911059" lon="17.891771"><ele>86.8</ele><time>2026-07-11T15:56:19Z</time></trkpt>
<trkpt lat="46.911048" lon="17.891805"><ele>87.4</ele><time>2026-07-11T15:56:40Z</time></trkpt>
<trkpt lat="46.911037" lon="17.891838"><ele>87.1</ele><time>2026-07-11T15:57Z</time></trkpt>
<trkpt lat="46.911026" lon="17.891871"><ele>86.7</ele><time>2026-07-11T15:57:19Z</time></trkpt>
<trkpt lat="46.911015" lon="17.891905"><ele>87.0</ele><time>2026-07-11T15:57:40Z</time></trkpt>
<trkpt lat="46.911003" lon="17.891938"><ele>86.3</ele><time>2026-07-11T15:58Z</time></trkpt>
<trkpt lat="46.910992" lon="17.891971"><ele>86.4</ele><time>2026-07-11T15:58:19Z</time></trkpt>
<trkpt lat="46.910981" lon="17.892004"><ele>86.2</ele><time>2026-07-11T15:58:40Z</time></trkpt>
<trkpt lat="46.910970" lon="17.892038"><ele>86.1</ele><time>2026-07-11T15:59Z</time></trkpt>
<trkpt lat="46.910959" lon="17.892071"><ele>86.5</ele><time>2026-07-11T15:59:19Z</time></trkpt>
<trkpt lat="46.910948" lon="17.892104"><ele>86.2</ele><time>2026-07-11T15:59:40Z</time></trkpt>
<trkpt lat="46.910937" lon="17.892136"><ele>85.9</ele><time>2026-07-11T16:00Z</time></trkpt>
<trkpt lat="46.910925" lon="17.892169"><ele>85.9</ele><time>2026-07-11T16:00:19Z</time></trkpt>
<trkpt lat="46.910914" lon="17.892202"><ele>85.5</ele><time>2026-07-11T16:00:40Z</time></trkpt>
<trkpt lat="46.910903" lon="17.892235"><ele>85.6</ele><time>2026-07-11T16:01Z</time></trkpt>
<trkpt lat="46.910892" lon="17.892268"><ele>86.3</ele><time>2026-07-11T16:01:19Z</time></trkpt>
<trkpt lat="46.910880" lon="17.892300"><ele>85.7</ele><time>2026-07-11T16:01:40Z</time></trkpt>
<trkpt lat="46.910869" lon="17.892333"><ele>85.9</ele><time>2026-07-11T16:02Z</time></trkpt>
<trkpt lat="46.910858" lon="17.892365"><ele>85.4</ele><time>2026-07-11T16:02:19Z</time></trkpt>
<trkpt lat="46.910846" lon="17.892398"><ele>85.4</ele><time>2026-07-11T16:02:40Z</time></trkpt>
<trkpt lat="46.910835" lon="17.892430"><ele>85.1</ele><time>2026-07-11T16:03Z</time></trkpt>
<trkpt lat="46.910823" lon="17.892462"><ele>85.8</ele><time>2026-07-11T16:03:19Z</time></trkpt>
<trkpt lat="46.910812" lon="17.892495"><ele>85.2</ele><time>2026-07-11T16:03:40Z</time></trkpt>
<trkpt lat="46.910800" lon="17.892527"><ele>85.2</ele><time>2026-07-11T16:04Z</time></trkpt>
<trkpt lat="46.910789" lon="17.892559"><ele>84.8</ele><time>2026-07-11T16:04:19Z</time></trkpt>
<trkpt lat="46.910777" lon="17.892591"><ele>84.6</ele><time>2026-07-11T16:04:40Z</time></trkpt>
<trkpt lat="46.910766" lon="17.892623"><ele>84.6</ele><time>2026-07-11T16:05Z</time></trkpt>
<trkpt lat="46.910754" lon="17.892655"><ele>84.6</ele><time>2026-07-11T16:05:19Z</time></trkpt>
<trkpt lat="46.910742" lon="17.892687"><ele>84.4</ele><time>2026-07-11T16:05:40Z</time></trkpt>
<trkpt lat="46.910730" lon="17.892719"><ele>85.2</ele><time>2026-07-11T16:06Z</time></trkpt>
<trkpt lat="46.910719" lon="17.892751"><ele>85.1</ele><time>2026-07-11T16:06:19Z</time></trkpt>
<trkpt lat="46.910707" lon="17.892782"><ele>85.0</ele><time>2026-07-11T16:06:40Z</time></trkpt>
<trkpt lat="46.910695" lon="17.892814"><ele>84.4</ele><time>2026-07-11T16:07Z</time></trkpt>
<trkpt lat="46.910683" lon="17.892845"><ele>84.5</ele><time>2026-07-11T16:07:19Z</time></trkpt>
<trkpt lat="46.910671" lon="17.892877"><ele>84.5</ele><time>2026-07-11T16:07:40Z</time></trkpt>
<trkpt lat="46.910659" lon="17.892908"><ele>84.7</ele><time>2026-07-11T16:08Z</time></trkpt>
<trkpt lat="46.910647" lon="17.892940"><ele>84.0</ele><time>2026-07-11T16:08:19Z</time></trkpt>
<trkpt lat="46.910635" lon="17.892971"><ele>84.5</ele><time>2026-07-11T16:08:40Z</time></trkpt>
<trkpt lat="46.910623" lon="17.893002"><ele>83.9</ele><time>2026-07-11T16:09Z</time></trkpt>
<trkpt lat="46.910611" lon="17.893033"><ele>84.4</ele><time>2026-07-11T16:09:19Z</time></trkpt>
<trkpt lat="46.910598" lon="17.893064"><ele>83.7</ele><time>2026-07-11T16:09:40Z</time></trkpt>
<trkpt lat="46.910586" lon="17.893095"><ele>83.7</ele><time>2026-07-11T16:10Z</time></trkpt>
<trkpt lat="46.910574" lon="17.893126"><ele>83.8</ele><time>2026-07-11T16:10:19Z</time></trkpt>
<trkpt lat="46.910561" lon="17.893157"><ele>83.5</ele><time>2026-07-11T16:10:40Z</time></trkpt>
<trkpt lat="46.910549" lon="17.893188"><ele>83.5</ele><time>2026-07-11T16:11Z</time></trkpt>
<trkpt lat="46.910536" lon="17.893219"><ele>83.5</ele><time>2026-07-11T16:11:19Z</time></trkpt>
<trkpt lat="46.910524" lon="17.893250"><ele>83.6</ele><time>2026-07-11T16:11:40Z</time></trkpt>
<trkpt lat="46.910511" lon="17.893280"><ele>83.3</ele><time>2026-07-11T16:12Z</time></trkpt>
<trkpt lat="46.910499" lon="17.893311"><ele>83.9</ele><time>2026-07-11T16:12:20Z</time></trkpt>
<trkpt lat="46.910486" lon="17.893341"><ele>83.3</ele><time>2026-07-11T16:12:40Z</time></trkpt>
<trkpt lat="46.910473" lon="17.893372"><ele>83.5</ele><time>2026-07-11T16:13Z</time></trkpt>
<trkpt lat="46.910460" lon="17.893402"><ele>83.3</ele><time>2026-07-11T16:13:20Z</time></trkpt>
<trkpt lat="46.910447" lon="17.893432"><ele>83.3</ele><time>2026-07-11T16:13:40Z</time></trkpt>
<trkpt lat="46.910435" lon="17.893463"><ele>83.3</ele><time>2026-07-11T16:14Z</time></trkpt>
<trkpt lat="46.910422" lon="17.893493"><ele>83.6</ele><time>2026-07-11T16:14:20Z</time></trkpt>
<trkpt lat="46.910408" lon="17.893523"><ele>83.4</ele><time>2026-07-11T16:14:40Z</time></trkpt>
<trkpt lat="46.910395" lon="17.893553"><ele>83.2</ele><time>2026-07-11T16:15Z</time></trkpt>
<trkpt lat="46.910382" lon="17.893583"><ele>83.4</ele><time>2026-07-11T16:15:20Z</time></trkpt>
<trkpt lat="46.910369" lon="17.893613"><ele>82.9</ele><time>2026-07-11T16:15:40Z</time></trkpt>
<trkpt lat="46.910356" lon="17.893642"><ele>82.8</ele><time>2026-07-11T16:16Z</time></trkpt>
<trkpt lat="46.910342" lon="17.893672"><ele>82.4</ele><time>2026-07-11T16:16:20Z</time></trkpt>
<trkpt lat="46.910329" lon="17.893702"><ele>82.9</ele><time>2026-07-11T16:16:40Z</time></trkpt>
<trkpt lat="46.910315" lon="17.893731"><ele>82.3</ele><time>2026-07-11T16:17Z</time></trkpt>
<trkpt lat="46.910302" lon="17.893761"><ele>82.6</ele><time>2026-07-11T16:17:20Z</time></trkpt>
<trkpt lat="46.910288" lon="17.893790"><ele>82.8</ele><time>2026-07-11T16:17:40Z</time></trkpt>
<trkpt lat="46.910274" lon="17.893820"><ele>82.2</ele><time>2026-07-11T16:18Z</time></trkpt>
<trkpt lat="46.910260" lon="17.893849"><ele>82.3</ele><time>2026-07-11T16:18:20Z</time></trkpt>
<trkpt lat="46.910246" lon="17.893878"><ele>82.2</ele><time>2026-07-11T16:18:40Z</time></trkpt>
<trkpt lat="46.910233" lon="17.893908"><ele>82.0</ele><time>2026-07-11T16:19Z</time></trkpt>
<trkpt lat="46.910219" lon="17.893937"><ele>82.2</ele><time>2026-07-11T16:19:20Z</time></trkpt>
<trkpt lat="46.910204" lon="17.893966"><ele>82.3</ele><time>2026-07-11T16:19:40Z</time></trkpt>
<trkpt lat="46.910190" lon="17.893995"><ele>82.3</ele><time>2026-07-11T16:20Z</time></trkpt>
<trkpt lat="46.910176" lon="17.894024"><ele>82.0</ele><time>2026-07-11T16:20:20Z</time></trkpt>
<trkpt lat="46.910162" lon="17.894053"><ele>81.9</ele><time>2026-07-11T16:20:40Z</time></trkpt>
<trkpt lat="46.910147" lon="17.894082"><ele>82.4</ele><time>2026-07-11T16:21Z</time></trkpt>
<trkpt lat="46.910133" lon="17.894110"><ele>81.7</ele><time>2026-07-11T16:21:20Z</time></trkpt>
<trkpt lat="46.910118" lon="17.894139"><ele>81.7</ele><time>2026-07-11T16:21:40Z</time></trkpt>
<trkpt lat="46.910104" lon="17.894168"><ele>81.9</ele><time>2026-07-11T16:22Z</time></trkpt>
<trkpt lat="46.910089" lon="17.894196"><ele>81.8</ele><time>2026-07-11T16:22:20Z</time></trkpt>
<trkpt lat="46.910074" lon="17.894225"><ele>82.3</ele><time>2026-07-11T16:22:40Z</time></trkpt>
<trkpt lat="46.910060" lon="17.894253"><ele>81.9</ele><time>2026-07-11T16:23Z</time></trkpt>
<trkpt lat="46.910045" lon="17.894281"><ele>81.8</ele><time>2026-07-11T16:23:20Z</time></trkpt>
<trkpt lat="46.910030" lon="17.894310"><ele>81.5</ele><time>2026-07-11T16:23:40Z</time></trkpt>
<trkpt lat="46.910015" lon="17.894338"><ele>81.7</ele><time>2026-07-11T16:24Z</time></trkpt>
<trkpt lat="46.909999" lon="17.894366"><ele>81.9</ele><time>2026-07-11T16:24:20Z</time></trkpt>
<trkpt lat="46.909984" lon="17.894394"><ele>81.9</ele><time>2026-07-11T16:24:40Z</time></trkpt>
<trkpt lat="46.909969" lon="17.894422"><ele>81.8</ele><time>2026-07-11T16:25Z</time></trkpt>
<trkpt lat="46.909954" lon="17.894450"><ele>81.2</ele><time>2026-07-11T16:25:20Z</time></trkpt>
<trkpt lat="46.909938" lon="17.894478"><ele>81.1</ele><time>2026-07-11T16:25:40Z</time></trkpt>
<trkpt lat="46.909923" lon="17.894506"><ele>81.8</ele><time>2026-07-11T16:26Z</time></trkpt>
<trkpt lat="46.909907" lon="17.894534"><ele>81.6</ele><time>2026-07-11T16:26:20Z</time></trkpt>
<trkpt lat="46.909891" lon="17.894561"><ele>81.8</ele><time>2026-07-11T16:26:40Z</time></trkpt>
<trkpt lat="46.909876" lon="17.894589"><ele>81.6</ele><time>2026-07-11T16:27Z</time></trkpt>
<trkpt lat="46.909860" lon="17.894616"><ele>81.1</ele><time>2026-07-11T16:27:20Z</time></trkpt>
<trkpt lat="46.909844" lon="17.894644"><ele>81.2</ele><time>2026-07-11T16:27:40Z</time></trkpt>
<trkpt lat="46.909828" lon="17.894671"><ele>81.1</ele><time>2026-07-11T16:28Z</time></trkpt>
<trkpt lat="46.909812" lon="17.894699"><ele>80.9</ele><time>2026-07-11T16:28:20Z</time></trkpt>
<trkpt lat="46.909795" lon="17.894726"><ele>80.8</ele><time>2026-07-11T16:28:40Z</time></trkpt>
<trkpt lat="46.909779" lon="17.894753"><ele>80.8</ele><time>2026-07-11T16:29Z</time></trkpt>
<trkpt lat="46.909763" lon="17.894781"><ele>81.6</ele><time>2026-07-11T16:29:20Z</time></trkpt>
<trkpt lat="46.909746" lon="17.894808"><ele>81.5</ele><time>2026-07-11T16:29:40Z</time></trkpt>
<trkpt lat="46.909730" lon="17.894835"><ele>81.5</ele><time>2026-07-11T16:30Z</time></trkpt>
<trkpt lat="46.909713" lon="17.894862"><ele>80.7</ele><time>2026-07-11T16:30:20Z</time></trkpt>
<trkpt lat="46.909697" lon="17.894889"><ele>80.7</ele><time>2026-07-11T16:30:40Z</time></trkpt>
<trkpt lat="46.909680" lon="17.894916"><ele>80.9</ele><time>2026-07-11T16:31Z</time></trkpt>
<trkpt lat="46.909663" lon="17.894943"><ele>81.2</ele><time>2026-07-11T16:31:20Z</time></trkpt>
<trkpt lat="46.909646" lon="17.894970"><ele>80.7</ele><time>2026-07-11T16:31:40Z</time></trkpt>
<trkpt lat="46.909629" lon="17.894996"><ele>81.1</ele><time>2026-07-11T16:32Z</time></trkpt>
<trkpt lat="46.909612" lon="17.895023"><ele>80.8</ele><time>2026-07-11T16:32:20Z</time></trkpt>
<trkpt lat="46.909595" lon="17.895050"><ele>80.8</ele><time>2026-07-11T16:32:40Z</time></trkpt>
<trkpt lat="46.909577" lon="17.895076"><ele>80.6</ele><time>2026-07-11T16:33Z</time></trkpt>
<trkpt lat="46.909560" lon="17.895103"><ele>81.3</ele><time>2026-07-11T16:33:20Z</time></trkpt>
<trkpt lat="46.909543" lon="17.895129"><ele>80.8</ele><time>2026-07-11T16:33:40Z</time></trkpt>
<trkpt lat="46.909525" lon="17.895156"><ele>81.1</ele><time>2026-07-11T16:34Z</time></trkpt>
<trkpt lat="46.909507" lon="17.895182"><ele>80.9</ele><time>2026-07-11T16:34:20Z</time></trkpt>
<trkpt lat="46.909490" lon="17.895208"><ele>80.5</ele><time>2026-07-11T16:34:40Z</time></trkpt>
<trkpt lat="46.909472" lon="17.895235"><ele>81.1</ele><time>2026-07-11T16:35Z</time></trkpt>
<trkpt lat="46.909454" lon="17.895261"><ele>80.6</ele><time>2026-07-11T16:35:20Z</time></trkpt>
<trkpt lat="46.909436" lon="17.895287"><ele>81.1</ele><time>2026-07-11T16:35:40Z</time></trkpt>
<trkpt lat="46.909418" lon="17.895313"><ele>80.9</ele><time>2026-07-11T16:36Z</time></trkpt>
<trkpt lat="46.909400" lon="17.895339"><ele>80.3</ele><time>2026-07-11T16:36:20Z</time></trkpt>
<trkpt lat="46.909382" lon="17.895365"><ele>80.4</ele><time>2026-07-11T16:36:40Z</time></trkpt>
<trkpt lat="46.909363" lon="17.895391"><ele>81.1</ele><time>2026-07-11T16:37Z</time></trkpt>
<trkpt lat="46.909345" lon="17.895417"><ele>80.8</ele><time>2026-07-11T16:37:20Z</time></trkpt>
<trkpt lat="46.909327" lon="17.895443"><ele>80.8</ele><time>2026-07-11T16:37:40Z</time></trkpt>
<trkpt lat="46.909308" lon="17.895469"><ele>80.9</ele><time>2026-07-11T16:38Z</time></trkpt>
<trkpt lat="46.909289" lon="17.895494"><ele>80.6</ele><time>2026-07-11T16:38:20Z</time></trkpt>
<trkpt lat="46.909271" lon="17.895520"><ele>80.2</ele><time>2026-07-11T16:38:40Z</time></trkpt>
<trkpt lat="46.909252" lon="17.895546"><ele>80.8</ele><time>2026-07-11T16:39Z</time></trkpt>
<trkpt lat="46.909233" lon="17.895571"><ele>80.2</ele><time>2026-07-11T16:39:20Z</time></trkpt>
<trkpt lat="46.909214" lon="17.895597"><ele>80.7</ele><time>2026-07-11T16:39:40Z</time></trkpt>
<trkpt lat="46.909195" lon="17.895622"><ele>80.6</ele><time>2026-07-11T16:40Z</time></trkpt>
<trkpt lat="46.909176" lon="17.895648"><ele>81.0</ele><time>2026-07-11T16:40:20Z</time></trkpt>
<trkpt lat="46.909157" lon="17.895673"><ele>80.3</ele><time>2026-07-11T16:40:40Z</time></trkpt>
<trkpt lat="46.909138" lon="17.895699"><ele>80.5</ele><time>2026-07-11T16:41Z</time></trkpt>
<trkpt lat="46.909118" lon="17.895724"><ele>80.6</ele><time>2026-07-11T16:41:20Z</time></trkpt>
<trkpt lat="46.909099" lon="17.895749"><ele>81.0</ele><time>2026-07-11T16:41:40Z</time></trkpt>
<trkpt lat="46.909079" lon="17.895775"><ele>80.6</ele><time>2026-07-11T16:42Z</time></trkpt>
<trkpt lat="46.909060" lon="17.895800"><ele>81.0</ele><time>2026-07-11T16:42:20Z</time></trkpt>
<trkpt lat="46.909040" lon="17.895825"><ele>80.8</ele><time>2026-07-11T16:42:40Z</time></trkpt>
<trkpt lat="46.909020" lon="17.895850"><ele>80.3</ele><time>2026-07-11T16:43Z</time></trkpt>
<trkpt lat="46.909000" lon="17.895875"><ele>80.8</ele><time>2026-07-11T16:43:20Z</time></trkpt>
<trkpt lat="46.908980" lon="17.895900"><ele>80.2</ele><time>2026-07-11T16:43:40Z</time></trkpt>
<trkpt lat="46.908960" lon="17.895925"><ele>80.6</ele><time>2026-07-11T16:44Z</time></trkpt>
<trkpt lat="46.908940" lon="17.895950"><ele>80.8</ele><time>2026-07-11T16:44:20Z</time></trkpt>
<trkpt lat="46.908920" lon="17.895975"><ele>80.3</ele><time>2026-07-11T16:44:40Z</time></trkpt>
</trkseg></trk>
</gpx>
